sample_uid,prefix,marker,tree_id,compartment,material,species_code,species_latin,common_name,archive_source,plate_well_S,sra_run_SRR,sra_biosample_SAMN,sra_sample_SRS,sra_experiment_SRX,sra_spots_reads,sra_release_date,sra_layout,sra_status,analysis_status
202_C02_16S_S1,202_C02,16S,202_C02,,,,,,Forest,1,SRR37072142,SAMN42321162,SRS27959211,SRX32018414,21278.0,2026-02-04 00:19:04,PAIRED,on_SRA,not_in_analysis_tables
202_C02_ITS_S2,202_C02,ITS,202_C02,,,,,,Forest,2,SRR29444906,SAMN41875119,SRS21660643,SRX24956990,370.0,2024-06-19 01:01:49,PAIRED,on_SRA,not_in_analysis_tables
206_B01_16S_S3,206_B01,16S,206_B01,,,,,,Forest,3,SRR37072141,SAMN42321164,SRS27959212,SRX32018415,15226.0,2026-02-04 00:20:39,PAIRED,on_SRA,not_in_analysis_tables
206_B01_ITS_S4,206_B01,ITS,206_B01,,,,,,Forest,4,SRR29444905,SAMN41875121,SRS21660645,SRX24956991,100.0,2024-06-19 01:01:49,PAIRED,on_SRA,not_in_analysis_tables
AB1Inner_16S_S21,AB1Inner,16S,AB1,Inner,Wood,FAGR,Fagus grandifolia,American beech,Forest,21,SRR37072131,SAMN42321182,SRS27959222,SRX32018425,43806.0,2026-02-04 00:20:37,PAIRED,on_SRA,used_in_analysis
AB1Inner_ITS_S22,AB1Inner,ITS,AB1,Inner,Wood,FAGR,Fagus grandifolia,American beech,Forest,22,SRR29444895,SAMN41875139,SRS21660655,SRX24957001,51830.0,2024-06-18 02:52:05,PAIRED,on_SRA,used_in_analysis
AB1Mineral_16S_S23,AB1Mineral,16S,AB1,Mineral,Soil,FAGR,Fagus grandifolia,American beech,Forest,23,SRR37072130,SAMN42321184,SRS27959223,SRX32018426,21484.0,2026-02-04 00:22:39,PAIRED,on_SRA,used_in_analysis
AB1Mineral_ITS_S24,AB1Mineral,ITS,AB1,Mineral,Soil,FAGR,Fagus grandifolia,American beech,Forest,24,SRR29444894,SAMN41875141,SRS21660658,SRX24957002,29445.0,2024-06-19 01:01:50,PAIRED,on_SRA,used_in_analysis
AB1Organic_16S_S25,AB1Organic,16S,AB1,Organic,Soil,FAGR,Fagus grandifolia,American beech,Forest,25,SRR37072129,SAMN42321186,SRS27959224,SRX32018427,46675.0,2026-02-04 00:19:04,PAIRED,on_SRA,used_in_analysis
AB1Organic_ITS_S26,AB1Organic,ITS,AB1,Organic,Soil,FAGR,Fagus grandifolia,American beech,Forest,26,SRR29444893,SAMN41875143,SRS21660656,SRX24957003,52085.0,2024-06-19 01:01:50,PAIRED,on_SRA,used_in_analysis
AB1Outer_16S_S27,AB1Outer,16S,AB1,Outer,Wood,FAGR,Fagus grandifolia,American beech,Forest,27,SRR37072128,SAMN42321188,SRS27959225,SRX32018428,18352.0,2026-02-04 00:10:55,PAIRED,on_SRA,used_in_analysis
AB1Outer_ITS_S28,AB1Outer,ITS,AB1,Outer,Wood,FAGR,Fagus grandifolia,American beech,Forest,28,SRR29444892,SAMN41875145,SRS21660657,SRX24957004,40131.0,2024-06-19 01:01:50,PAIRED,on_SRA,used_in_analysis
AB10Inner_16S_S5,AB10Inner,16S,AB10,Inner,Wood,FAGR,Fagus grandifolia,American beech,Forest,5,SRR37072140,SAMN42321166,SRS27959213,SRX32018416,21728.0,2026-02-04 00:39:46,PAIRED,on_SRA,used_in_analysis
AB10Inner_ITS_S6,AB10Inner,ITS,AB10,Inner,Wood,FAGR,Fagus grandifolia,American beech,Forest,6,SRR29444904,SAMN41875123,SRS21660646,SRX24956992,22989.0,2024-06-19 01:01:49,PAIRED,on_SRA,used_in_analysis
AB10Mineral_16S_S7,AB10Mineral,16S,AB10,Mineral,Soil,FAGR,Fagus grandifolia,American beech,Forest,7,SRR37072139,SAMN42321168,SRS27959214,SRX32018417,29676.0,2026-02-04 00:10:55,PAIRED,on_SRA,used_in_analysis
AB10Mineral_ITS_S8,AB10Mineral,ITS,AB10,Mineral,Soil,FAGR,Fagus grandifolia,American beech,Forest,8,SRR29444903,SAMN41875125,SRS21660647,SRX24956993,27081.0,2024-06-19 01:01:49,PAIRED,on_SRA,used_in_analysis
AB10Organic_16S_S9,AB10Organic,16S,AB10,Organic,Soil,FAGR,Fagus grandifolia,American beech,Forest,9,SRR37072138,SAMN42321170,SRS27959215,SRX32018418,48053.0,2026-02-04 00:20:39,PAIRED,on_SRA,used_in_analysis
AB10Organic_ITS_S10,AB10Organic,ITS,AB10,Organic,Soil,FAGR,Fagus grandifolia,American beech,Forest,10,SRR29444902,SAMN41875127,SRS21660648,SRX24956994,53831.0,2024-06-19 01:01:49,PAIRED,on_SRA,used_in_analysis
AB10Outer_16S_S11,AB10Outer,16S,AB10,Outer,Wood,FAGR,Fagus grandifolia,American beech,Forest,11,SRR37072137,SAMN42321172,SRS27959218,SRX32018419,28135.0,2026-02-04 00:39:46,PAIRED,on_SRA,used_in_analysis
AB10Outer_ITS_S12,AB10Outer,ITS,AB10,Outer,Wood,FAGR,Fagus grandifolia,American beech,Forest,12,SRR29444901,SAMN41875129,SRS21660649,SRX24956995,54115.0,2024-06-18 02:52:05,PAIRED,on_SRA,used_in_analysis
AB11Inner_16S_S13,AB11Inner,16S,AB11,Inner,Wood,FAGR,Fagus grandifolia,American beech,Forest,13,SRR37072136,SAMN42321174,SRS27959216,SRX32018420,21732.0,2026-02-04 00:22:39,PAIRED,on_SRA,used_in_analysis
AB11Inner_ITS_S14,AB11Inner,ITS,AB11,Inner,Wood,FAGR,Fagus grandifolia,American beech,Forest,14,SRR29444900,SAMN41875131,SRS21660651,SRX24956996,30163.0,2024-06-19 01:01:50,PAIRED,on_SRA,used_in_analysis
AB11Mineral_16S_S15,AB11Mineral,16S,AB11,Mineral,Soil,FAGR,Fagus grandifolia,American beech,Forest,15,SRR37072135,SAMN42321176,SRS27959217,SRX32018421,31477.0,2026-02-04 00:22:40,PAIRED,on_SRA,used_in_analysis
AB11Mineral_ITS_S16,AB11Mineral,ITS,AB11,Mineral,Soil,FAGR,Fagus grandifolia,American beech,Forest,16,SRR29444899,SAMN41875133,SRS21660650,SRX24956997,40933.0,2024-06-18 02:52:05,PAIRED,on_SRA,used_in_analysis
AB11Organic_16S_S17,AB11Organic,16S,AB11,Organic,Soil,FAGR,Fagus grandifolia,American beech,Forest,17,SRR37072134,SAMN42321178,SRS27959219,SRX32018422,22812.0,2026-02-04 00:28:52,PAIRED,on_SRA,used_in_analysis
AB11Organic_ITS_S18,AB11Organic,ITS,AB11,Organic,Soil,FAGR,Fagus grandifolia,American beech,Forest,18,SRR29444898,SAMN41875135,SRS21660652,SRX24956998,68186.0,2024-06-18 02:52:05,PAIRED,on_SRA,used_in_analysis
AB11Outer_16S_S19,AB11Outer,16S,AB11,Outer,Wood,FAGR,Fagus grandifolia,American beech,Forest,19,SRR37072132,SAMN42321180,SRS27959221,SRX32018424,25632.0,2026-02-04 00:22:40,PAIRED,on_SRA,used_in_analysis
AB11Outer_ITS_S20,AB11Outer,ITS,AB11,Outer,Wood,FAGR,Fagus grandifolia,American beech,Forest,20,SRR29444897,SAMN41875137,SRS21660653,SRX24956999,54312.0,2024-06-18 02:52:05,PAIRED,on_SRA,used_in_analysis
AB2Inner_16S_S29,AB2Inner,16S,AB2,Inner,Wood,FAGR,Fagus grandifolia,American beech,Forest,29,SRR37072127,SAMN42321190,SRS27959226,SRX32018429,55398.0,2026-02-04 00:19:04,PAIRED,on_SRA,used_in_analysis
AB2Inner_ITS_S30,AB2Inner,ITS,AB2,Inner,Wood,FAGR,Fagus grandifolia,American beech,Forest,30,SRR29444891,SAMN41875147,SRS21660659,SRX24957005,62831.0,2024-06-18 02:52:05,PAIRED,on_SRA,used_in_analysis
AB2Mineral_16S_S31,AB2Mineral,16S,AB2,Mineral,Soil,FAGR,Fagus grandifolia,American beech,Forest,31,SRR37072126,SAMN42321192,SRS27959227,SRX32018430,32503.0,2026-02-04 00:39:44,PAIRED,on_SRA,used_in_analysis
AB2Mineral_ITS_S32,AB2Mineral,ITS,AB2,Mineral,Soil,FAGR,Fagus grandifolia,American beech,Forest,32,SRR29444890,SAMN41875149,SRS21660660,SRX24957006,29883.0,2024-06-19 01:01:50,PAIRED,on_SRA,used_in_analysis
AB2Organic_16S_S33,AB2Organic,16S,AB2,Organic,Soil,FAGR,Fagus grandifolia,American beech,Forest,33,SRR37072125,SAMN42321194,SRS27959228,SRX32018431,43142.0,2026-02-04 00:39:46,PAIRED,on_SRA,used_in_analysis
AB2Organic_ITS_S34,AB2Organic,ITS,AB2,Organic,Soil,FAGR,Fagus grandifolia,American beech,Forest,34,SRR29444889,SAMN41875151,SRS21660662,SRX24957007,51429.0,2024-06-19 01:01:50,PAIRED,on_SRA,used_in_analysis
AB2Outer_16S_S35,AB2Outer,16S,AB2,Outer,Wood,FAGR,Fagus grandifolia,American beech,Forest,35,SRR37072124,SAMN42321196,SRS27959229,SRX32018432,25284.0,2026-02-04 00:29:25,PAIRED,on_SRA,used_in_analysis
AB2Outer_ITS_S36,AB2Outer,ITS,AB2,Outer,Wood,FAGR,Fagus grandifolia,American beech,Forest,36,SRR29444888,SAMN41875153,SRS21660661,SRX24957008,36555.0,2024-06-18 02:52:05,PAIRED,on_SRA,used_in_analysis
AB3Inner_16S_S37,AB3Inner,16S,AB3,Inner,Wood,FAGR,Fagus grandifolia,American beech,Forest,37,SRR37072122,SAMN42321198,SRS27959231,SRX32018434,33818.0,2026-02-04 00:19:03,PAIRED,on_SRA,used_in_analysis
AB3Inner_ITS_S38,AB3Inner,ITS,AB3,Inner,Wood,FAGR,Fagus grandifolia,American beech,Forest,38,SRR29444887,SAMN41875155,SRS21660663,SRX24957009,56366.0,2024-06-19 01:01:50,PAIRED,on_SRA,used_in_analysis
AB3Outer_16S_S39,AB3Outer,16S,AB3,Outer,Wood,FAGR,Fagus grandifolia,American beech,Forest,39,SRR37072121,SAMN42321201,SRS27959232,SRX32018435,3068.0,2026-02-06 07:37:44,PAIRED,on_SRA,used_in_analysis
AB3Outer_ITS_S40,AB3Outer,ITS,AB3,Outer,Wood,FAGR,Fagus grandifolia,American beech,Forest,40,SRR29444886,SAMN41875157,SRS21660665,SRX24957010,3118.0,2024-06-19 01:01:50,PAIRED,on_SRA,used_in_analysis
AB3slash5Inner_16S_S41,AB3slash5Inner,16S,AB3/5,Inner,Wood,FAGR,Fagus grandifolia,American beech,Forest,41,SRR37072120,SAMN42321202,SRS27959233,SRX32018436,28826.0,2026-02-04 00:20:39,PAIRED,on_SRA,used_in_analysis
AB3slash5Inner_ITS_S42,AB3slash5Inner,ITS,AB3/5,Inner,Wood,FAGR,Fagus grandifolia,American beech,Forest,42,SRR29444884,SAMN41875159,SRS21660667,SRX24957012,36499.0,2024-06-19 01:01:50,PAIRED,on_SRA,used_in_analysis
AB3slash5Mineral_16S_S43,AB3slash5Mineral,16S,AB3/5,Mineral,Soil,FAGR,Fagus grandifolia,American beech,Forest,43,SRR37072119,SAMN42321204,SRS27959234,SRX32018437,26557.0,2026-02-04 00:10:55,PAIRED,on_SRA,used_in_analysis
AB3slash5Mineral_ITS_S44,AB3slash5Mineral,ITS,AB3/5,Mineral,Soil,FAGR,Fagus grandifolia,American beech,Forest,44,SRR29444883,SAMN41875161,SRS21660666,SRX24957013,41196.0,2024-06-18 02:52:05,PAIRED,on_SRA,used_in_analysis
AB3slash5Organic_16S_S45,AB3slash5Organic,16S,AB3/5,Organic,Soil,FAGR,Fagus grandifolia,American beech,Forest,45,SRR37072117,SAMN42321206,SRS27959236,SRX32018439,37629.0,2026-02-04 00:11:10,PAIRED,on_SRA,used_in_analysis
AB3slash5Organic_ITS_S46,AB3slash5Organic,ITS,AB3/5,Organic,Soil,FAGR,Fagus grandifolia,American beech,Forest,46,SRR29444880,SAMN41875163,SRS21660670,SRX24957016,47723.0,2024-06-19 01:01:50,PAIRED,on_SRA,used_in_analysis
AB3slash5Outer_16S_S47,AB3slash5Outer,16S,AB3/5,Outer,Wood,FAGR,Fagus grandifolia,American beech,Forest,47,SRR37072118,SAMN42321208,SRS27959235,SRX32018438,11494.0,2026-02-04 00:19:03,PAIRED,on_SRA,used_in_analysis
AB3slash5Outer_ITS_S48,AB3slash5Outer,ITS,AB3/5,Outer,Wood,FAGR,Fagus grandifolia,American beech,Forest,48,SRR29444882,SAMN41875164,SRS21660668,SRX24957014,10810.0,2024-06-18 02:52:05,PAIRED,on_SRA,used_in_analysis
AB4Inner_16S_S49,AB4Inner,16S,AB4,Inner,Wood,FAGR,Fagus grandifolia,American beech,Forest,49,SRR37072116,SAMN42321210,SRS27959237,SRX32018440,30737.0,2026-02-04 00:28:52,PAIRED,on_SRA,used_in_analysis
AB4Inner_ITS_S50,AB4Inner,ITS,AB4,Inner,Wood,FAGR,Fagus grandifolia,American beech,Forest,50,SRR29444881,SAMN41875167,SRS21660669,SRX24957015,20248.0,2024-06-18 02:52:06,PAIRED,on_SRA,used_in_analysis
AB4Mineral_16S_S51,AB4Mineral,16S,AB4,Mineral,Soil,FAGR,Fagus grandifolia,American beech,Forest,51,SRR37072115,SAMN42321212,SRS27959240,SRX32018441,27652.0,2026-02-04 00:20:39,PAIRED,on_SRA,used_in_analysis
AB4Mineral_ITS_S52,AB4Mineral,ITS,AB4,Mineral,Soil,FAGR,Fagus grandifolia,American beech,Forest,52,SRR29444879,SAMN41875169,SRS21660671,SRX24957017,45448.0,2024-06-18 02:52:06,PAIRED,on_SRA,used_in_analysis
AB4Organic_16S_S53,AB4Organic,16S,AB4,Organic,Soil,FAGR,Fagus grandifolia,American beech,Forest,53,SRR37072114,SAMN42321214,SRS27959239,SRX32018442,41274.0,2026-02-04 00:28:52,PAIRED,on_SRA,used_in_analysis
AB4Organic_ITS_S54,AB4Organic,ITS,AB4,Organic,Soil,FAGR,Fagus grandifolia,American beech,Forest,54,SRR29444878,SAMN41875171,SRS21660672,SRX24957018,59797.0,2024-06-19 01:01:50,PAIRED,on_SRA,used_in_analysis
AB4Outer_16S_S55,AB4Outer,16S,AB4,Outer,Wood,FAGR,Fagus grandifolia,American beech,Forest,55,SRR37072113,SAMN42321216,SRS27959238,SRX32018443,13602.0,2026-02-04 00:47:19,PAIRED,on_SRA,used_in_analysis
AB4Outer_ITS_S56,AB4Outer,ITS,AB4,Outer,Wood,FAGR,Fagus grandifolia,American beech,Forest,56,SRR29444877,SAMN41875173,SRS21660673,SRX24957019,44206.0,2024-06-18 02:52:06,PAIRED,on_SRA,used_in_analysis
AB4slash6Inner_16S_S57,AB4slash6Inner,16S,AB4/6,Inner,Wood,FAGR,Fagus grandifolia,American beech,Forest,57,SRR37072112,SAMN42321218,SRS27959241,SRX32018444,21582.0,2026-02-04 00:39:46,PAIRED,on_SRA,used_in_analysis
AB4slash6Inner_ITS_S58,AB4slash6Inner,ITS,AB4/6,Inner,Wood,FAGR,Fagus grandifolia,American beech,Forest,58,SRR29444876,SAMN41875175,SRS21660674,SRX24957020,68535.0,2024-06-19 01:01:50,PAIRED,on_SRA,used_in_analysis
AB4slash6Mineral_16S_S59,AB4slash6Mineral,16S,AB4/6,Mineral,Soil,FAGR,Fagus grandifolia,American beech,Forest,59,SRR37072110,SAMN42321220,SRS27959243,SRX32018446,15905.0,2026-02-04 00:20:37,PAIRED,on_SRA,used_in_analysis
AB4slash6Mineral_ITS_S60,AB4slash6Mineral,ITS,AB4/6,Mineral,Soil,FAGR,Fagus grandifolia,American beech,Forest,60,SRR29444875,SAMN41875177,SRS21660676,SRX24957021,37569.0,2024-06-19 01:01:51,PAIRED,on_SRA,used_in_analysis
AB4slash6Organic_16S_S61,AB4slash6Organic,16S,AB4/6,Organic,Soil,FAGR,Fagus grandifolia,American beech,Forest,61,SRR37072109,SAMN42321222,SRS27959244,SRX32018447,35170.0,2026-02-04 00:47:19,PAIRED,on_SRA,used_in_analysis
AB4slash6Organic_ITS_S62,AB4slash6Organic,ITS,AB4/6,Organic,Soil,FAGR,Fagus grandifolia,American beech,Forest,62,SRR29444873,SAMN41875179,SRS21660678,SRX24957023,29396.0,2024-06-19 01:01:51,PAIRED,on_SRA,used_in_analysis
AB4slash6Outer_16S_S63,AB4slash6Outer,16S,AB4/6,Outer,Wood,FAGR,Fagus grandifolia,American beech,Forest,63,SRR37072108,SAMN42321224,SRS27959245,SRX32018448,17963.0,2026-02-04 00:39:46,PAIRED,on_SRA,used_in_analysis
AB4slash6Outer_ITS_S64,AB4slash6Outer,ITS,AB4/6,Outer,Wood,FAGR,Fagus grandifolia,American beech,Forest,64,SRR29444872,SAMN41875181,SRS21660677,SRX24957024,36015.0,2024-06-19 01:01:51,PAIRED,on_SRA,used_in_analysis
AB5Inner_16S_S73,AB5Inner,16S,AB5,Inner,Wood,FAGR,Fagus grandifolia,American beech,Forest,73,SRR37072102,SAMN42321234,SRS27959251,SRX32018454,34663.0,2026-02-04 00:39:44,PAIRED,on_SRA,used_in_analysis
AB5Inner_ITS_S74,AB5Inner,ITS,AB5,Inner,Wood,FAGR,Fagus grandifolia,American beech,Forest,74,SRR29444867,SAMN41875191,SRS21660683,SRX24957029,42611.0,2024-06-18 02:52:06,PAIRED,on_SRA,used_in_analysis
AB5Mineral_16S_S75,AB5Mineral,16S,AB5,Mineral,Soil,FAGR,Fagus grandifolia,American beech,Forest,75,SRR37072101,SAMN42321236,SRS27959252,SRX32018455,27152.0,2026-02-04 00:28:52,PAIRED,on_SRA,used_in_analysis
AB5Mineral_ITS_S76,AB5Mineral,ITS,AB5,Mineral,Soil,FAGR,Fagus grandifolia,American beech,Forest,76,SRR29444866,SAMN41875193,SRS21660686,SRX24957030,35527.0,2024-06-18 02:52:06,PAIRED,on_SRA,used_in_analysis
AB5Organic_16S_S77,AB5Organic,16S,AB5,Organic,Soil,FAGR,Fagus grandifolia,American beech,Forest,77,SRR37072100,SAMN42321238,SRS27959253,SRX32018456,47040.0,2026-02-04 00:39:46,PAIRED,on_SRA,used_in_analysis
AB5Organic_ITS_S78,AB5Organic,ITS,AB5,Organic,Soil,FAGR,Fagus grandifolia,American beech,Forest,78,SRR29444865,SAMN41875195,SRS21660684,SRX24957031,42615.0,2024-06-18 02:52:06,PAIRED,on_SRA,used_in_analysis
AB5Outer_16S_S79,AB5Outer,16S,AB5,Outer,Wood,FAGR,Fagus grandifolia,American beech,Forest,79,SRR37072098,SAMN42321240,SRS27959256,SRX32018458,20003.0,2026-02-04 00:22:40,PAIRED,on_SRA,used_in_analysis
AB5Outer_ITS_S80,AB5Outer,ITS,AB5,Outer,Wood,FAGR,Fagus grandifolia,American beech,Forest,80,SRR29444864,SAMN41875197,SRS21660685,SRX24957032,9165.0,2024-06-19 01:01:51,PAIRED,on_SRA,used_in_analysis
AB501Inner_16S_S65,AB501Inner,16S,AB501,Inner,Wood,FAGR,Fagus grandifolia,American beech,Forest,65,SRR37072107,SAMN42321226,SRS27959246,SRX32018449,35189.0,2026-02-04 00:28:52,PAIRED,on_SRA,used_in_analysis
AB501Inner_ITS_S66,AB501Inner,ITS,AB501,Inner,Wood,FAGR,Fagus grandifolia,American beech,Forest,66,SRR29444871,SAMN41875183,SRS21660679,SRX24957025,39565.0,2024-06-18 02:52:06,PAIRED,on_SRA,used_in_analysis
AB501Mineral_16S_S67,AB501Mineral,16S,AB501,Mineral,Soil,FAGR,Fagus grandifolia,American beech,Forest,67,SRR37072106,SAMN42321228,SRS27959247,SRX32018450,30059.0,2026-02-04 00:30:40,PAIRED,on_SRA,used_in_analysis
AB501Mineral_ITS_S68,AB501Mineral,ITS,AB501,Mineral,Soil,FAGR,Fagus grandifolia,American beech,Forest,68,SRR29444869,SAMN41875185,SRS21660681,SRX24957027,34980.0,2024-06-18 02:52:06,PAIRED,on_SRA,used_in_analysis
AB501Organic_16S_S69,AB501Organic,16S,AB501,Organic,Soil,FAGR,Fagus grandifolia,American beech,Forest,69,SRR37072104,SAMN42321230,SRS27959249,SRX32018452,47441.0,2026-02-04 00:20:39,PAIRED,on_SRA,used_in_analysis
AB501Organic_ITS_S70,AB501Organic,ITS,AB501,Organic,Soil,FAGR,Fagus grandifolia,American beech,Forest,70,SRR29444870,SAMN41875187,SRS21660680,SRX24957026,56015.0,2024-06-18 02:52:06,PAIRED,on_SRA,used_in_analysis
AB501Outer_16S_S71,AB501Outer,16S,AB501,Outer,Wood,FAGR,Fagus grandifolia,American beech,Forest,71,SRR37072103,SAMN42321232,SRS27959250,SRX32018453,16257.0,2026-02-04 00:39:44,PAIRED,on_SRA,used_in_analysis
AB501Outer_ITS_S72,AB501Outer,ITS,AB501,Outer,Wood,FAGR,Fagus grandifolia,American beech,Forest,72,SRR29444868,SAMN41875189,SRS21660682,SRX24957028,26316.0,2024-06-18 02:52:06,PAIRED,on_SRA,used_in_analysis
AB6Inner_16S_S81,AB6Inner,16S,AB6,Inner,Wood,FAGR,Fagus grandifolia,American beech,Forest,81,SRR37072097,SAMN42321242,SRS27959255,SRX32018459,22427.0,2026-02-06 07:37:44,PAIRED,on_SRA,used_in_analysis
AB6Inner_ITS_S82,AB6Inner,ITS,AB6,Inner,Wood,FAGR,Fagus grandifolia,American beech,Forest,82,SRR29444749,SAMN41875199,SRS21660801,SRX24957147,34811.0,2024-06-18 02:52:09,PAIRED,on_SRA,used_in_analysis
AB6Mineral_16S_S83,AB6Mineral,16S,AB6,Mineral,Soil,FAGR,Fagus grandifolia,American beech,Forest,83,SRR37072096,SAMN42321244,SRS27959257,SRX32018460,33304.0,2026-02-04 00:22:40,PAIRED,on_SRA,used_in_analysis
AB6Mineral_ITS_S84,AB6Mineral,ITS,AB6,Mineral,Soil,FAGR,Fagus grandifolia,American beech,Forest,84,SRR29444748,SAMN41875201,SRS21660802,SRX24957148,46359.0,2024-06-19 01:01:55,PAIRED,on_SRA,used_in_analysis
AB6Organic_16S_S85,AB6Organic,16S,AB6,Organic,Soil,FAGR,Fagus grandifolia,American beech,Forest,85,SRR37072095,SAMN42321246,SRS27959258,SRX32018461,38746.0,2026-02-04 00:20:39,PAIRED,on_SRA,used_in_analysis
AB6Organic_ITS_S86,AB6Organic,ITS,AB6,Organic,Soil,FAGR,Fagus grandifolia,American beech,Forest,86,SRR29444747,SAMN41875203,SRS21660803,SRX24957149,54457.0,2024-06-19 01:01:55,PAIRED,on_SRA,used_in_analysis
AB6Outer_16S_S87,AB6Outer,16S,AB6,Outer,Wood,FAGR,Fagus grandifolia,American beech,Forest,87,SRR37072094,SAMN42321248,SRS27959259,SRX32018462,6590.0,2026-02-04 00:20:37,PAIRED,on_SRA,used_in_analysis
AB6Outer_ITS_S88,AB6Outer,ITS,AB6,Outer,Wood,FAGR,Fagus grandifolia,American beech,Forest,88,SRR29444745,SAMN41875205,SRS21660806,SRX24957151,2837.0,2024-06-18 01:32:26,PAIRED,on_SRA,used_in_analysis
AB6primeInner_16S_S89,AB6primeInner,16S,AB6prime,Inner,Wood,FAGR,Fagus grandifolia,American beech,Forest,89,SRR37072093,SAMN42321250,SRS27959260,SRX32018463,31808.0,2026-02-04 00:20:37,PAIRED,on_SRA,used_in_analysis
AB6primeInner_ITS_S90,AB6primeInner,ITS,AB6prime,Inner,Wood,FAGR,Fagus grandifolia,American beech,Forest,90,SRR29444746,SAMN41875207,SRS21660804,SRX24957150,36798.0,2024-06-18 01:32:26,PAIRED,on_SRA,used_in_analysis
AB6primeMineral_16S_S91,AB6primeMineral,16S,AB6prime,Mineral,Soil,FAGR,Fagus grandifolia,American beech,Forest,91,SRR37072092,SAMN42321252,SRS27959262,SRX32018464,31973.0,2026-02-04 00:39:46,PAIRED,on_SRA,used_in_analysis
AB6primeMineral_ITS_S92,AB6primeMineral,ITS,AB6prime,Mineral,Soil,FAGR,Fagus grandifolia,American beech,Forest,92,SRR29444744,SAMN41875209,SRS21660805,SRX24957152,39837.0,2024-06-19 01:01:55,PAIRED,on_SRA,used_in_analysis
AB6primeOrganic_16S_S93,AB6primeOrganic,16S,AB6prime,Organic,Soil,FAGR,Fagus grandifolia,American beech,Forest,93,SRR37072091,SAMN42321254,SRS27959261,SRX32018465,44933.0,2026-02-04 01:25:40,PAIRED,on_SRA,used_in_analysis
AB6primeOrganic_ITS_S94,AB6primeOrganic,ITS,AB6prime,Organic,Soil,FAGR,Fagus grandifolia,American beech,Forest,94,SRR29444742,SAMN41875211,SRS21660809,SRX24957154,44767.0,2024-06-18 01:32:26,PAIRED,on_SRA,used_in_analysis
AB6primeOuter_16S_S95,AB6primeOuter,16S,AB6prime,Outer,Wood,FAGR,Fagus grandifolia,American beech,Forest,95,SRR37072090,SAMN42321256,SRS27959263,SRX32018466,9422.0,2026-02-04 00:20:39,PAIRED,on_SRA,used_in_analysis
AB6primeOuter_ITS_S96,AB6primeOuter,ITS,AB6prime,Outer,Wood,FAGR,Fagus grandifolia,American beech,Forest,96,SRR29444743,SAMN41875212,SRS21660807,SRX24957153,751.0,2024-06-18 01:10:03,PAIRED,on_SRA,used_in_analysis
AB9Inner_16S_S97,AB9Inner,16S,AB9,Inner,Wood,FAGR,Fagus grandifolia,American beech,Forest,97,SRR37072089,SAMN42321258,SRS27959264,SRX32018467,21270.0,2026-02-04 00:20:39,PAIRED,on_SRA,used_in_analysis
AB9Inner_ITS_S98,AB9Inner,ITS,AB9,Inner,Wood,FAGR,Fagus grandifolia,American beech,Forest,98,SRR29444741,SAMN41875215,SRS21660808,SRX24957155,32310.0,2024-06-19 01:01:55,PAIRED,on_SRA,used_in_analysis
AB9Mineral_16S_S99,AB9Mineral,16S,AB9,Mineral,Soil,FAGR,Fagus grandifolia,American beech,Forest,99,SRR37072087,SAMN42321260,SRS27959266,SRX32018469,23748.0,2026-02-05 01:11:37,PAIRED,on_SRA,used_in_analysis
AB9Mineral_ITS_S100,AB9Mineral,ITS,AB9,Mineral,Soil,FAGR,Fagus grandifolia,American beech,Forest,100,SRR29444740,SAMN41875217,SRS21660811,SRX24957156,44462.0,2024-06-19 01:01:55,PAIRED,on_SRA,used_in_analysis
AB9Organic_16S_S101,AB9Organic,16S,AB9,Organic,Soil,FAGR,Fagus grandifolia,American beech,Forest,101,SRR37072086,SAMN42321262,SRS27959267,SRX32018470,49085.0,2026-02-04 00:22:40,PAIRED,on_SRA,used_in_analysis
AB9Organic_ITS_S102,AB9Organic,ITS,AB9,Organic,Soil,FAGR,Fagus grandifolia,American beech,Forest,102,SRR29444738,SAMN41875219,SRS21660813,SRX24957158,54884.0,2024-06-18 01:10:03,PAIRED,on_SRA,used_in_analysis
AB9Outer_16S_S103,AB9Outer,16S,AB9,Outer,Wood,FAGR,Fagus grandifolia,American beech,Forest,103,SRR37072085,SAMN42321264,SRS27959268,SRX32018471,23105.0,2026-02-04 00:20:40,PAIRED,on_SRA,used_in_analysis
AB9Outer_ITS_S104,AB9Outer,ITS,AB9,Outer,Wood,FAGR,Fagus grandifolia,American beech,Forest,104,SRR29444737,SAMN41875221,SRS21660812,SRX24957159,30879.0,2024-06-18 02:52:09,PAIRED,on_SRA,used_in_analysis
ABT14PInner_16S_S105,ABT14PInner,16S,ABT14P,Inner,Wood,FAGR,Fagus grandifolia,American beech,Forest,105,SRR37072084,SAMN42321266,SRS27959269,SRX32018472,32172.0,2026-02-04 00:39:44,PAIRED,on_SRA,used_in_analysis
ABT14PInner_ITS_S106,ABT14PInner,ITS,ABT14P,Inner,Wood,FAGR,Fagus grandifolia,American beech,Forest,106,SRR29444736,SAMN41875223,SRS21660816,SRX24957160,30661.0,2024-06-19 01:01:55,PAIRED,on_SRA,used_in_analysis
ABT14PMineral_16S_S107,ABT14PMineral,16S,ABT14P,Mineral,Soil,FAGR,Fagus grandifolia,American beech,Forest,107,SRR37072083,SAMN42321268,SRS27959271,SRX32018473,28233.0,2026-02-04 00:19:03,PAIRED,on_SRA,used_in_analysis
ABT14PMineral_ITS_S108,ABT14PMineral,ITS,ABT14P,Mineral,Soil,FAGR,Fagus grandifolia,American beech,Forest,108,SRR29444735,SAMN41875225,SRS21660814,SRX24957161,31782.0,2024-06-19 01:01:55,PAIRED,on_SRA,used_in_analysis
ABT14POrganic_16S_S109,ABT14POrganic,16S,ABT14P,Organic,Soil,FAGR,Fagus grandifolia,American beech,Forest,109,SRR37072082,SAMN42321270,SRS27959270,SRX32018474,32544.0,2026-02-04 00:20:40,PAIRED,on_SRA,used_in_analysis
ABT14POrganic_ITS_S110,ABT14POrganic,ITS,ABT14P,Organic,Soil,FAGR,Fagus grandifolia,American beech,Forest,110,SRR29444734,SAMN41875227,SRS21660815,SRX24957162,50929.0,2024-06-18 01:10:03,PAIRED,on_SRA,used_in_analysis
ABT14POuter_16S_S111,ABT14POuter,16S,ABT14P,Outer,Wood,FAGR,Fagus grandifolia,American beech,Forest,111,SRR37072081,SAMN42321272,SRS27959272,SRX32018475,11704.0,2026-02-04 00:29:27,PAIRED,on_SRA,used_in_analysis
ABT14POuter_ITS_S112,ABT14POuter,ITS,ABT14P,Outer,Wood,FAGR,Fagus grandifolia,American beech,Forest,112,SRR29444733,SAMN41875229,SRS21660818,SRX24957163,3109.0,2024-06-19 01:01:55,PAIRED,on_SRA,used_in_analysis
BB1Inner_16S_S175,BB1Inner,16S,BB1,Inner,Wood,BELE,Betula lenta,Black/sweet birch,Forest,175,SRR37072074,SAMN42321336,SRS27959280,SRX32018483,37193.0,2026-02-04 00:39:43,PAIRED,on_SRA,used_in_analysis
BB1Inner_ITS_S176,BB1Inner,ITS,BB1,Inner,Wood,BELE,Betula lenta,Black/sweet birch,Forest,176,SRR29444590,SAMN41875293,SRS21660461,SRX24956806,59328.0,2024-06-19 01:01:44,PAIRED,on_SRA,used_in_analysis
BB1Mineral_16S_S177,BB1Mineral,16S,BB1,Mineral,Soil,BELE,Betula lenta,Black/sweet birch,Forest,177,SRR37072073,SAMN42321338,SRS27959281,SRX32018484,33718.0,2026-02-04 00:20:40,PAIRED,on_SRA,used_in_analysis
BB1Mineral_ITS_S178,BB1Mineral,ITS,BB1,Mineral,Soil,BELE,Betula lenta,Black/sweet birch,Forest,178,SRR29444588,SAMN41875295,SRS21660462,SRX24956808,59364.0,2024-06-18 01:10:02,PAIRED,on_SRA,used_in_analysis
BB1Organic_16S_S179,BB1Organic,16S,BB1,Organic,Soil,BELE,Betula lenta,Black/sweet birch,Forest,179,SRR37072071,SAMN42321340,SRS27959283,SRX32018486,46933.0,2026-02-04 00:29:26,PAIRED,on_SRA,used_in_analysis
BB1Organic_ITS_S180,BB1Organic,ITS,BB1,Organic,Soil,BELE,Betula lenta,Black/sweet birch,Forest,180,SRR29444589,SAMN41875297,SRS21660460,SRX24956807,15079.0,2024-06-18 02:52:03,PAIRED,on_SRA,used_in_analysis
BB1Outer_16S_S181,BB1Outer,16S,BB1,Outer,Wood,BELE,Betula lenta,Black/sweet birch,Forest,181,SRR37072070,SAMN42321342,SRS27959284,SRX32018487,27194.0,2026-02-04 00:10:55,PAIRED,on_SRA,used_in_analysis
BB1Outer_ITS_S182,BB1Outer,ITS,BB1,Outer,Wood,BELE,Betula lenta,Black/sweet birch,Forest,182,SRR29444862,SAMN41875299,SRS21660687,SRX24957034,40065.0,2024-06-18 02:52:06,PAIRED,on_SRA,used_in_analysis
BB10Inner_16S_S113,BB10Inner,16S,BB10,Inner,Wood,BELE,Betula lenta,Black/sweet birch,Forest,113,SRR37072080,SAMN42321274,SRS27959273,SRX32018476,20343.0,2026-02-04 00:39:46,PAIRED,on_SRA,used_in_analysis
BB10Inner_ITS_S114,BB10Inner,ITS,BB10,Inner,Wood,BELE,Betula lenta,Black/sweet birch,Forest,114,SRR29444732,SAMN41875231,SRS21660817,SRX24957164,47762.0,2024-06-18 02:52:09,PAIRED,on_SRA,used_in_analysis
BB10Organic_16S_S115,BB10Organic,16S,BB10,Organic,Soil,BELE,Betula lenta,Black/sweet birch,Forest,115,SRR37072079,SAMN42321276,SRS27959274,SRX32018477,43510.0,2026-02-04 00:22:40,PAIRED,on_SRA,used_in_analysis
BB10Organic_ITS_S116,BB10Organic,ITS,BB10,Organic,Soil,BELE,Betula lenta,Black/sweet birch,Forest,116,SRR29444731,SAMN41875233,SRS21660819,SRX24957165,25682.0,2024-06-19 01:01:55,PAIRED,on_SRA,used_in_analysis
BB10Outer_16S_S117,BB10Outer,16S,BB10,Outer,Wood,BELE,Betula lenta,Black/sweet birch,Forest,117,SRR37071967,SAMN42321278,SRS27959275,SRX32018478,24506.0,2026-02-04 00:39:44,PAIRED,on_SRA,used_in_analysis
BB10Outer_ITS_S118,BB10Outer,ITS,BB10,Outer,Wood,BELE,Betula lenta,Black/sweet birch,Forest,118,SRR29444730,SAMN41875235,SRS21660820,SRX24957166,38041.0,2024-06-18 01:32:26,PAIRED,on_SRA,used_in_analysis
BB10primeInner_16S_S119,BB10primeInner,16S,BB10prime,Inner,Wood,BELE,Betula lenta,Black/sweet birch,Forest,119,SRR37071965,SAMN42321280,SRS27959388,SRX32018591,27980.0,2026-02-04 00:47:19,PAIRED,on_SRA,used_in_analysis
BB10primeInner_ITS_S120,BB10primeInner,ITS,BB10prime,Inner,Wood,BELE,Betula lenta,Black/sweet birch,Forest,120,SRR29444729,SAMN41875237,SRS21660821,SRX24957167,32006.0,2024-06-18 02:52:09,PAIRED,on_SRA,used_in_analysis
BB10primeMineral_16S_S121,BB10primeMineral,16S,BB10prime,Mineral,Soil,BELE,Betula lenta,Black/sweet birch,Forest,121,SRR37071964,SAMN42321282,SRS27959390,SRX32018592,25395.0,2026-02-04 00:19:04,PAIRED,on_SRA,used_in_analysis
BB10primeMineral_ITS_S122,BB10primeMineral,ITS,BB10prime,Mineral,Soil,BELE,Betula lenta,Black/sweet birch,Forest,122,SRR29444727,SAMN41875239,SRS21660823,SRX24957169,28683.0,2024-06-18 01:32:26,PAIRED,on_SRA,used_in_analysis
BB10primeOrganic_16S_S123,BB10primeOrganic,16S,BB10prime,Organic,Soil,BELE,Betula lenta,Black/sweet birch,Forest,123,SRR37071963,SAMN42321284,SRS27959389,SRX32018593,48583.0,2026-02-04 00:29:25,PAIRED,on_SRA,used_in_analysis
BB10primeOrganic_ITS_S124,BB10primeOrganic,ITS,BB10prime,Organic,Soil,BELE,Betula lenta,Black/sweet birch,Forest,124,SRR29444726,SAMN41875241,SRS21660825,SRX24957170,27387.0,2024-06-18 01:32:27,PAIRED,on_SRA,used_in_analysis
BB10primeOuter_16S_S125,BB10primeOuter,16S,BB10prime,Outer,Wood,BELE,Betula lenta,Black/sweet birch,Forest,125,SRR37071962,SAMN42321285,SRS27958890,SRX32018093,170.0,2026-02-04 00:20:37,PAIRED,on_SRA,used_in_analysis
BB10primeOuter_ITS_S126,BB10primeOuter,ITS,BB10prime,Outer,Wood,BELE,Betula lenta,Black/sweet birch,Forest,126,SRR29444725,SAMN41875243,SRS21660824,SRX24957171,138.0,2024-06-18 01:10:03,PAIRED,on_SRA,used_in_analysis
BB11Inner_16S_S127,BB11Inner,16S,BB11,Inner,Wood,BELE,Betula lenta,Black/sweet birch,Forest,127,SRR37071961,SAMN42321288,SRS27958891,SRX32018094,19625.0,2026-02-04 00:19:03,PAIRED,on_SRA,used_in_analysis
BB11Inner_ITS_S128,BB11Inner,ITS,BB11,Inner,Wood,BELE,Betula lenta,Black/sweet birch,Forest,128,SRR29444724,SAMN41875245,SRS21660826,SRX24957172,25110.0,2024-06-18 01:10:03,PAIRED,on_SRA,used_in_analysis
BB11Mineral_16S_S129,BB11Mineral,16S,BB11,Mineral,Soil,BELE,Betula lenta,Black/sweet birch,Forest,129,SRR37071959,SAMN42321290,SRS27958894,SRX32018096,30276.0,2026-02-04 00:29:25,PAIRED,on_SRA,used_in_analysis
BB11Mineral_ITS_S130,BB11Mineral,ITS,BB11,Mineral,Soil,BELE,Betula lenta,Black/sweet birch,Forest,130,SRR29444615,SAMN41875247,SRS21660436,SRX24956781,45791.0,2024-06-18 01:10:02,PAIRED,on_SRA,used_in_analysis
BB11Organic_16S_S131,BB11Organic,16S,BB11,Organic,Soil,BELE,Betula lenta,Black/sweet birch,Forest,131,SRR37071960,SAMN42321292,SRS27958892,SRX32018095,47284.0,2026-02-04 00:10:53,PAIRED,on_SRA,used_in_analysis
BB11Organic_ITS_S132,BB11Organic,ITS,BB11,Organic,Soil,BELE,Betula lenta,Black/sweet birch,Forest,132,SRR29444614,SAMN41875249,SRS21660435,SRX24956782,41811.0,2024-06-18 01:32:25,PAIRED,on_SRA,used_in_analysis
BB11Outer_16S_S133,BB11Outer,16S,BB11,Outer,Wood,BELE,Betula lenta,Black/sweet birch,Forest,133,SRR37071958,SAMN42321295,SRS27958893,SRX32018097,5056.0,2026-02-04 00:20:37,PAIRED,on_SRA,used_in_analysis
BB11Outer_ITS_S134,BB11Outer,ITS,BB11,Outer,Wood,BELE,Betula lenta,Black/sweet birch,Forest,134,SRR29444613,SAMN41875251,SRS21660438,SRX24956783,255.0,2024-06-18 01:32:25,PAIRED,on_SRA,used_in_analysis
BB12Inner_16S_S135,BB12Inner,16S,BB12,Inner,Wood,BELE,Betula lenta,Black/sweet birch,Forest,135,SRR37071957,SAMN42321296,SRS27958895,SRX32018098,28289.0,2026-02-04 00:19:03,PAIRED,on_SRA,used_in_analysis
BB12Inner_ITS_S136,BB12Inner,ITS,BB12,Inner,Wood,BELE,Betula lenta,Black/sweet birch,Forest,136,SRR29444612,SAMN41875253,SRS21660437,SRX24956784,34261.0,2024-06-18 01:32:25,PAIRED,on_SRA,used_in_analysis
BB12Mineral_16S_S137,BB12Mineral,16S,BB12,Mineral,Soil,BELE,Betula lenta,Black/sweet birch,Forest,137,SRR37071956,SAMN42321298,SRS27958896,SRX32018099,30346.0,2026-02-04 00:39:44,PAIRED,on_SRA,used_in_analysis
BB12Mineral_ITS_S138,BB12Mineral,ITS,BB12,Mineral,Soil,BELE,Betula lenta,Black/sweet birch,Forest,138,SRR29444611,SAMN41875255,SRS21660440,SRX24956785,43362.0,2024-06-18 01:10:02,PAIRED,on_SRA,used_in_analysis
BB12Organic_16S_S139,BB12Organic,16S,BB12,Organic,Soil,BELE,Betula lenta,Black/sweet birch,Forest,139,SRR37071954,SAMN42321300,SRS27958898,SRX32018101,38923.0,2026-02-04 00:39:43,PAIRED,on_SRA,used_in_analysis
BB12Organic_ITS_S140,BB12Organic,ITS,BB12,Organic,Soil,BELE,Betula lenta,Black/sweet birch,Forest,140,SRR29444610,SAMN41875257,SRS21660439,SRX24956786,73567.0,2024-06-18 01:32:25,PAIRED,on_SRA,used_in_analysis
BB12Outer_16S_S141,BB12Outer,16S,BB12,Outer,Wood,BELE,Betula lenta,Black/sweet birch,Forest,141,SRR37071953,SAMN42321301,SRS27958899,SRX32018102,3589.0,2026-02-04 00:22:39,PAIRED,on_SRA,used_in_analysis
BB12Outer_ITS_S142,BB12Outer,ITS,BB12,Outer,Wood,BELE,Betula lenta,Black/sweet birch,Forest,142,SRR29444609,SAMN41875258,SRS21660441,SRX24956787,151.0,2024-06-18 01:32:25,PAIRED,on_SRA,used_in_analysis
BB13Inner_16S_S143,BB13Inner,16S,BB13,Inner,Wood,BELE,Betula lenta,Black/sweet birch,Forest,143,SRR37071952,SAMN42321304,SRS27958900,SRX32018103,24616.0,2026-02-04 00:22:39,PAIRED,on_SRA,used_in_analysis
BB13Inner_ITS_S144,BB13Inner,ITS,BB13,Inner,Wood,BELE,Betula lenta,Black/sweet birch,Forest,144,SRR29444607,SAMN41875261,SRS21660444,SRX24956789,33358.0,2024-06-18 01:32:25,PAIRED,on_SRA,used_in_analysis
BB13Mineral_16S_S145,BB13Mineral,16S,BB13,Mineral,Soil,BELE,Betula lenta,Black/sweet birch,Forest,145,SRR37071951,SAMN42321306,SRS27958901,SRX32018104,25842.0,2026-02-04 00:39:44,PAIRED,on_SRA,used_in_analysis
BB13Mineral_ITS_S146,BB13Mineral,ITS,BB13,Mineral,Soil,BELE,Betula lenta,Black/sweet birch,Forest,146,SRR29444606,SAMN41875263,SRS21660443,SRX24956790,29437.0,2024-06-18 01:10:02,PAIRED,on_SRA,used_in_analysis
BB13Organic_16S_S147,BB13Organic,16S,BB13,Organic,Soil,BELE,Betula lenta,Black/sweet birch,Forest,147,SRR37071950,SAMN42321308,SRS27958902,SRX32018105,40611.0,2026-02-04 00:20:36,PAIRED,on_SRA,used_in_analysis
BB13Organic_ITS_S148,BB13Organic,ITS,BB13,Organic,Soil,BELE,Betula lenta,Black/sweet birch,Forest,148,SRR29444604,SAMN41875265,SRS21660445,SRX24956792,56214.0,2024-06-18 01:32:25,PAIRED,on_SRA,used_in_analysis
BB13Outer_16S_S149,BB13Outer,16S,BB13,Outer,Wood,BELE,Betula lenta,Black/sweet birch,Forest,149,SRR37071949,SAMN42321310,SRS27958903,SRX32018106,16336.0,2026-02-04 00:22:39,PAIRED,on_SRA,used_in_analysis
BB13Outer_ITS_S150,BB13Outer,ITS,BB13,Outer,Wood,BELE,Betula lenta,Black/sweet birch,Forest,150,SRR29444605,SAMN41875267,SRS21660446,SRX24956791,24603.0,2024-06-18 01:32:25,PAIRED,on_SRA,used_in_analysis
BB14Inner_16S_S151,BB14Inner,16S,BB14,Inner,Wood,BELE,Betula lenta,Black/sweet birch,Forest,151,SRR37071948,SAMN42321312,SRS27958904,SRX32018107,25012.0,2026-02-04 00:22:39,PAIRED,on_SRA,used_in_analysis
BB14Inner_ITS_S152,BB14Inner,ITS,BB14,Inner,Wood,BELE,Betula lenta,Black/sweet birch,Forest,152,SRR29444603,SAMN41875269,SRS21660447,SRX24956793,68627.0,2024-06-18 01:10:02,PAIRED,on_SRA,used_in_analysis
BB14Mineral_16S_S153,BB14Mineral,16S,BB14,Mineral,Soil,BELE,Betula lenta,Black/sweet birch,Forest,153,SRR37071947,SAMN42321314,SRS27958905,SRX32018108,28524.0,2026-02-04 00:47:19,PAIRED,on_SRA,used_in_analysis
BB14Mineral_ITS_S154,BB14Mineral,ITS,BB14,Mineral,Soil,BELE,Betula lenta,Black/sweet birch,Forest,154,SRR29444602,SAMN41875271,SRS21660448,SRX24956794,51599.0,2024-06-18 01:10:02,PAIRED,on_SRA,used_in_analysis
BB14Organic_16S_S155,BB14Organic,16S,BB14,Organic,Soil,BELE,Betula lenta,Black/sweet birch,Forest,155,SRR37071946,SAMN42321316,SRS27958906,SRX32018109,52310.0,2026-02-04 00:29:26,PAIRED,on_SRA,used_in_analysis
BB14Organic_ITS_S156,BB14Organic,ITS,BB14,Organic,Soil,BELE,Betula lenta,Black/sweet birch,Forest,156,SRR29444601,SAMN41875273,SRS21660452,SRX24956795,58706.0,2024-06-18 01:10:02,PAIRED,on_SRA,used_in_analysis
BB14Outer_16S_S157,BB14Outer,16S,BB14,Outer,Wood,BELE,Betula lenta,Black/sweet birch,Forest,157,SRR37071945,SAMN42321318,SRS27958907,SRX32018110,25903.0,2026-02-04 00:20:37,PAIRED,on_SRA,used_in_analysis
BB14Outer_ITS_S158,BB14Outer,ITS,BB14,Outer,Wood,BELE,Betula lenta,Black/sweet birch,Forest,158,SRR29444600,SAMN41875275,SRS21660455,SRX24956796,24789.0,2024-06-18 01:10:02,PAIRED,on_SRA,used_in_analysis
BB16Inner_16S_S159,BB16Inner,16S,BB16,Inner,Wood,BELE,Betula lenta,Black/sweet birch,Forest,159,SRR37071943,SAMN42321320,SRS27958909,SRX32018112,26728.0,2026-02-04 00:11:10,PAIRED,on_SRA,used_in_analysis
BB16Inner_ITS_S160,BB16Inner,ITS,BB16,Inner,Wood,BELE,Betula lenta,Black/sweet birch,Forest,160,SRR29444599,SAMN41875277,SRS21660450,SRX24956797,27540.0,2024-06-18 01:10:02,PAIRED,on_SRA,used_in_analysis
BB16Mineral_16S_S161,BB16Mineral,16S,BB16,Mineral,Soil,BELE,Betula lenta,Black/sweet birch,Forest,161,SRR37071942,SAMN42321322,SRS27958910,SRX32018113,31176.0,2026-02-04 00:19:03,PAIRED,on_SRA,used_in_analysis
BB16Mineral_ITS_S162,BB16Mineral,ITS,BB16,Mineral,Soil,BELE,Betula lenta,Black/sweet birch,Forest,162,SRR29444597,SAMN41875279,SRS21660453,SRX24956799,32287.0,2024-06-19 01:01:44,PAIRED,on_SRA,used_in_analysis
BB16Organic_16S_S163,BB16Organic,16S,BB16,Organic,Soil,BELE,Betula lenta,Black/sweet birch,Forest,163,SRR37071941,SAMN42321324,SRS27958911,SRX32018114,40891.0,2026-02-04 00:20:36,PAIRED,on_SRA,used_in_analysis
BB16Organic_ITS_S164,BB16Organic,ITS,BB16,Organic,Soil,BELE,Betula lenta,Black/sweet birch,Forest,164,SRR29444596,SAMN41875281,SRS21660451,SRX24956800,56731.0,2024-06-18 01:32:25,PAIRED,on_SRA,used_in_analysis
BB16Outer_16S_S165,BB16Outer,16S,BB16,Outer,Wood,BELE,Betula lenta,Black/sweet birch,Forest,165,SRR37071940,SAMN42321326,SRS27958912,SRX32018115,21657.0,2026-02-04 00:39:45,PAIRED,on_SRA,used_in_analysis
BB16Outer_ITS_S166,BB16Outer,ITS,BB16,Outer,Wood,BELE,Betula lenta,Black/sweet birch,Forest,166,SRR29444595,SAMN41875283,SRS21660454,SRX24956801,25735.0,2024-06-19 01:01:44,PAIRED,on_SRA,used_in_analysis
BB16primeInner_16S_S167,BB16primeInner,16S,BB16prime,Inner,Wood,BELE,Betula lenta,Black/sweet birch,Forest,167,SRR37072078,SAMN42321328,SRS27959276,SRX32018479,20989.0,2026-02-04 00:11:11,PAIRED,on_SRA,used_in_analysis
BB16primeInner_ITS_S168,BB16primeInner,ITS,BB16prime,Inner,Wood,BELE,Betula lenta,Black/sweet birch,Forest,168,SRR29444593,SAMN41875285,SRS21660458,SRX24956803,49131.0,2024-06-18 02:52:02,PAIRED,on_SRA,used_in_analysis
BB16primeMineral_16S_S169,BB16primeMineral,16S,BB16prime,Mineral,Soil,BELE,Betula lenta,Black/sweet birch,Forest,169,SRR37072077,SAMN42321330,SRS27959277,SRX32018480,28008.0,2026-02-04 00:22:40,PAIRED,on_SRA,used_in_analysis
BB16primeMineral_ITS_S170,BB16primeMineral,ITS,BB16prime,Mineral,Soil,BELE,Betula lenta,Black/sweet birch,Forest,170,SRR29444594,SAMN41875287,SRS21660456,SRX24956802,42418.0,2024-06-18 01:32:25,PAIRED,on_SRA,used_in_analysis
BB16primeOrganic_16S_S171,BB16primeOrganic,16S,BB16prime,Organic,Soil,BELE,Betula lenta,Black/sweet birch,Forest,171,SRR37072076,SAMN42321332,SRS27959278,SRX32018481,50530.0,2026-02-04 00:28:52,PAIRED,on_SRA,used_in_analysis
BB16primeOrganic_ITS_S172,BB16primeOrganic,ITS,BB16prime,Organic,Soil,BELE,Betula lenta,Black/sweet birch,Forest,172,SRR29444592,SAMN41875289,SRS21660457,SRX24956804,52634.0,2024-06-18 01:10:02,PAIRED,on_SRA,used_in_analysis
BB16primeOuter_16S_S173,BB16primeOuter,16S,BB16prime,Outer,Wood,BELE,Betula lenta,Black/sweet birch,Forest,173,SRR37072075,SAMN42321334,SRS27959279,SRX32018482,27603.0,2026-02-04 00:29:25,PAIRED,on_SRA,used_in_analysis
BB16primeOuter_ITS_S174,BB16primeOuter,ITS,BB16prime,Outer,Wood,BELE,Betula lenta,Black/sweet birch,Forest,174,SRR29444591,SAMN41875291,SRS21660459,SRX24956805,41073.0,2024-06-18 01:10:02,PAIRED,on_SRA,used_in_analysis
BB3Inner_16S_S183,BB3Inner,16S,BB3,Inner,Wood,BELE,Betula lenta,Black/sweet birch,Forest,183,SRR37072069,SAMN42321344,SRS27959285,SRX32018488,17187.0,2026-02-04 00:28:53,PAIRED,on_SRA,used_in_analysis
BB3Inner_ITS_S184,BB3Inner,ITS,BB3,Inner,Wood,BELE,Betula lenta,Black/sweet birch,Forest,184,SRR29444861,SAMN41875301,SRS21660689,SRX24957035,47247.0,2024-06-19 01:01:51,PAIRED,on_SRA,used_in_analysis
BB3Mineral_16S_S185,BB3Mineral,16S,BB3,Mineral,Soil,BELE,Betula lenta,Black/sweet birch,Forest,185,SRR37072068,SAMN42321346,SRS27959287,SRX32018489,26174.0,2026-02-04 00:28:53,PAIRED,on_SRA,used_in_analysis
BB3Mineral_ITS_S186,BB3Mineral,ITS,BB3,Mineral,Soil,BELE,Betula lenta,Black/sweet birch,Forest,186,SRR29444860,SAMN41875303,SRS21660690,SRX24957036,37036.0,2024-06-19 01:01:51,PAIRED,on_SRA,used_in_analysis
BB3Organic_16S_S187,BB3Organic,16S,BB3,Organic,Soil,BELE,Betula lenta,Black/sweet birch,Forest,187,SRR37072066,SAMN42321348,SRS27959288,SRX32018491,36064.0,2026-02-04 00:39:44,PAIRED,on_SRA,used_in_analysis
BB3Organic_ITS_S188,BB3Organic,ITS,BB3,Organic,Soil,BELE,Betula lenta,Black/sweet birch,Forest,188,SRR29444858,SAMN41875305,SRS21660692,SRX24957038,35403.0,2024-06-18 02:52:06,PAIRED,on_SRA,used_in_analysis
BB3Outer_16S_S189,BB3Outer,16S,BB3,Outer,Wood,BELE,Betula lenta,Black/sweet birch,Forest,189,SRR37072067,SAMN42321349,SRS27959286,SRX32018490,952.0,2026-02-04 00:20:40,PAIRED,on_SRA,used_in_analysis
BB3Outer_ITS_S190,BB3Outer,ITS,BB3,Outer,Wood,BELE,Betula lenta,Black/sweet birch,Forest,190,SRR29444859,SAMN41875307,SRS21660691,SRX24957037,33228.0,2024-06-18 02:52:06,PAIRED,on_SRA,used_in_analysis
BB5Inner_16S_S191,BB5Inner,16S,BB5,Inner,Wood,BELE,Betula lenta,Black/sweet birch,Forest,191,SRR37072065,SAMN42321352,SRS27959290,SRX32018492,32745.0,2026-02-03 23:46:13,PAIRED,on_SRA,used_in_analysis
BB5Inner_ITS_S192,BB5Inner,ITS,BB5,Inner,Wood,BELE,Betula lenta,Black/sweet birch,Forest,192,SRR29444857,SAMN41875309,SRS21660694,SRX24957039,39328.0,2024-06-18 02:52:06,PAIRED,on_SRA,used_in_analysis
BB5Mineral_16S_S193,BB5Mineral,16S,BB5,Mineral,Soil,BELE,Betula lenta,Black/sweet birch,Forest,193,SRR37072064,SAMN42321354,SRS27959289,SRX32018493,28280.0,2026-02-04 00:39:46,PAIRED,on_SRA,used_in_analysis
BB5Mineral_ITS_S194,BB5Mineral,ITS,BB5,Mineral,Soil,BELE,Betula lenta,Black/sweet birch,Forest,194,SRR29444856,SAMN41875311,SRS21660693,SRX24957040,31784.0,2024-06-18 02:52:07,PAIRED,on_SRA,used_in_analysis
BB5Organic_16S_S195,BB5Organic,16S,BB5,Organic,Soil,BELE,Betula lenta,Black/sweet birch,Forest,195,SRR37072063,SAMN42321356,SRS27959291,SRX32018494,45724.0,2026-02-04 00:22:40,PAIRED,on_SRA,used_in_analysis
BB5Organic_ITS_S196,BB5Organic,ITS,BB5,Organic,Soil,BELE,Betula lenta,Black/sweet birch,Forest,196,SRR29444855,SAMN41875313,SRS21660695,SRX24957041,56344.0,2024-06-19 01:01:51,PAIRED,on_SRA,used_in_analysis
BB5Outer_16S_S197,BB5Outer,16S,BB5,Outer,Wood,BELE,Betula lenta,Black/sweet birch,Forest,197,SRR37072062,SAMN42321358,SRS27959292,SRX32018495,16789.0,2026-02-04 00:39:46,PAIRED,on_SRA,used_in_analysis
BB5Outer_ITS_S198,BB5Outer,ITS,BB5,Outer,Wood,BELE,Betula lenta,Black/sweet birch,Forest,198,SRR29444854,SAMN41875315,SRS21660697,SRX24957042,29858.0,2024-06-19 01:01:51,PAIRED,on_SRA,used_in_analysis
BB6Inner_16S_S199,BB6Inner,16S,BB6,Inner,Wood,BELE,Betula lenta,Black/sweet birch,Forest,199,SRR37072060,SAMN42321360,SRS27959294,SRX32018497,18002.0,2026-02-04 00:39:46,PAIRED,on_SRA,used_in_analysis
BB6Inner_ITS_S200,BB6Inner,ITS,BB6,Inner,Wood,BELE,Betula lenta,Black/sweet birch,Forest,200,SRR29444853,SAMN41875317,SRS21660696,SRX24957043,19797.0,2024-06-18 02:52:07,PAIRED,on_SRA,used_in_analysis
BB6Mineral_16S_S201,BB6Mineral,16S,BB6,Mineral,Soil,BELE,Betula lenta,Black/sweet birch,Forest,201,SRR37072059,SAMN42321362,SRS27959297,SRX32018498,32475.0,2026-02-04 00:39:47,PAIRED,on_SRA,used_in_analysis
BB6Mineral_ITS_S202,BB6Mineral,ITS,BB6,Mineral,Soil,BELE,Betula lenta,Black/sweet birch,Forest,202,SRR29444851,SAMN41875319,SRS21660699,SRX24957045,40501.0,2024-06-19 01:01:51,PAIRED,on_SRA,used_in_analysis
BB6Organic_16S_S203,BB6Organic,16S,BB6,Organic,Soil,BELE,Betula lenta,Black/sweet birch,Forest,203,SRR37072056,SAMN42321364,SRS27959299,SRX32018501,55088.0,2026-02-04 00:39:43,PAIRED,on_SRA,used_in_analysis
BB6Organic_ITS_S204,BB6Organic,ITS,BB6,Organic,Soil,BELE,Betula lenta,Black/sweet birch,Forest,204,SRR29444850,SAMN41875321,SRS21660700,SRX24957046,33651.0,2024-06-19 01:01:51,PAIRED,on_SRA,used_in_analysis
BB6Outer_16S_S205,BB6Outer,16S,BB6,Outer,Wood,BELE,Betula lenta,Black/sweet birch,Forest,205,SRR37072058,SAMN42321365,SRS27959295,SRX32018499,1177.0,2026-02-04 00:32:36,PAIRED,on_SRA,used_in_analysis
BB6Outer_ITS_S206,BB6Outer,ITS,BB6,Outer,Wood,BELE,Betula lenta,Black/sweet birch,Forest,206,SRR29444849,SAMN41875323,SRS21660702,SRX24957047,164.0,2024-06-19 01:01:51,PAIRED,on_SRA,used_in_analysis
BB7Inner_16S_S207,BB7Inner,16S,BB7,Inner,Wood,BELE,Betula lenta,Black/sweet birch,Forest,207,SRR37072057,SAMN42321368,SRS27959296,SRX32018500,26252.0,2026-02-04 00:29:26,PAIRED,on_SRA,used_in_analysis
BB7Inner_ITS_S208,BB7Inner,ITS,BB7,Inner,Wood,BELE,Betula lenta,Black/sweet birch,Forest,208,SRR29444847,SAMN41875325,SRS21660703,SRX24957049,20800.0,2024-06-19 01:01:52,PAIRED,on_SRA,used_in_analysis
BB7Mineral_16S_S209,BB7Mineral,16S,BB7,Mineral,Soil,BELE,Betula lenta,Black/sweet birch,Forest,209,SRR37072055,SAMN42321370,SRS27959298,SRX32018502,29702.0,2026-02-05 00:30:44,PAIRED,on_SRA,used_in_analysis
BB7Mineral_ITS_S210,BB7Mineral,ITS,BB7,Mineral,Soil,BELE,Betula lenta,Black/sweet birch,Forest,210,SRR29444848,SAMN41875327,SRS21660701,SRX24957048,47498.0,2024-06-19 01:01:52,PAIRED,on_SRA,used_in_analysis
BB7Organic_16S_S211,BB7Organic,16S,BB7,Organic,Soil,BELE,Betula lenta,Black/sweet birch,Forest,211,SRR37072053,SAMN42321372,SRS27959301,SRX32018504,34636.0,2026-02-04 00:10:55,PAIRED,on_SRA,used_in_analysis
BB7Organic_ITS_S212,BB7Organic,ITS,BB7,Organic,Soil,BELE,Betula lenta,Black/sweet birch,Forest,212,SRR29444846,SAMN41875329,SRS21660704,SRX24957050,43226.0,2024-06-18 02:52:07,PAIRED,on_SRA,used_in_analysis
BB7Outer_16S_S213,BB7Outer,16S,BB7,Outer,Wood,BELE,Betula lenta,Black/sweet birch,Forest,213,SRR37072054,SAMN42321373,SRS27959300,SRX32018503,1684.0,2026-02-04 00:22:40,PAIRED,on_SRA,used_in_analysis
BB7Outer_ITS_S214,BB7Outer,ITS,BB7,Outer,Wood,BELE,Betula lenta,Black/sweet birch,Forest,214,SRR29444845,SAMN41875330,SRS21660705,SRX24957051,173.0,2024-06-18 02:52:07,PAIRED,on_SRA,used_in_analysis
BB8Inner_16S_S215,BB8Inner,16S,BB8,Inner,Wood,BELE,Betula lenta,Black/sweet birch,Forest,215,SRR37072052,SAMN42321376,SRS27959302,SRX32018505,47345.0,2026-02-04 00:19:03,PAIRED,on_SRA,used_in_analysis
BB8Inner_ITS_S216,BB8Inner,ITS,BB8,Inner,Wood,BELE,Betula lenta,Black/sweet birch,Forest,216,SRR29444844,SAMN41875333,SRS21660706,SRX24957052,42032.0,2024-06-19 01:01:52,PAIRED,on_SRA,used_in_analysis
BB8Mineral_16S_S217,BB8Mineral,16S,BB8,Mineral,Soil,BELE,Betula lenta,Black/sweet birch,Forest,217,SRR37071883,SAMN42321378,SRS27959303,SRX32018506,37627.0,2026-02-04 00:47:19,PAIRED,on_SRA,used_in_analysis
BB8Mineral_ITS_S218,BB8Mineral,ITS,BB8,Mineral,Soil,BELE,Betula lenta,Black/sweet birch,Forest,218,SRR29444843,SAMN41875335,SRS21660707,SRX24957053,45953.0,2024-06-19 01:01:52,PAIRED,on_SRA,used_in_analysis
BB8Organic_16S_S219,BB8Organic,16S,BB8,Organic,Soil,BELE,Betula lenta,Black/sweet birch,Forest,219,SRR37071881,SAMN42321380,SRS27958970,SRX32018173,33157.0,2026-02-04 00:20:38,PAIRED,on_SRA,used_in_analysis
BB8Organic_ITS_S220,BB8Organic,ITS,BB8,Organic,Soil,BELE,Betula lenta,Black/sweet birch,Forest,220,SRR29444842,SAMN41875337,SRS21660709,SRX24957054,40746.0,2024-06-19 01:01:52,PAIRED,on_SRA,used_in_analysis
BB8Outer_16S_S221,BB8Outer,16S,BB8,Outer,Wood,BELE,Betula lenta,Black/sweet birch,Forest,221,SRR37071880,SAMN42321382,SRS27958971,SRX32018174,33967.0,2026-02-04 00:20:37,PAIRED,on_SRA,used_in_analysis
BB8Outer_ITS_S222,BB8Outer,ITS,BB8,Outer,Wood,BELE,Betula lenta,Black/sweet birch,Forest,222,SRR29444840,SAMN41875339,SRS21660710,SRX24957056,57571.0,2024-06-19 01:01:52,PAIRED,on_SRA,used_in_analysis
BB9Inner_16S_S223,BB9Inner,16S,BB9,Inner,Wood,BELE,Betula lenta,Black/sweet birch,Forest,223,SRR37071879,SAMN42321384,SRS27958973,SRX32018175,30616.0,2026-02-04 00:20:37,PAIRED,on_SRA,used_in_analysis
BB9Inner_ITS_S224,BB9Inner,ITS,BB9,Inner,Wood,BELE,Betula lenta,Black/sweet birch,Forest,224,SRR29444839,SAMN41875341,SRS21660708,SRX24957057,68264.0,2024-06-18 02:52:07,PAIRED,on_SRA,used_in_analysis
BB9Mineral_16S_S225,BB9Mineral,16S,BB9,Mineral,Soil,BELE,Betula lenta,Black/sweet birch,Forest,225,SRR37071878,SAMN42321386,SRS27958972,SRX32018176,28803.0,2026-02-04 00:20:37,PAIRED,on_SRA,used_in_analysis
BB9Mineral_ITS_S226,BB9Mineral,ITS,BB9,Mineral,Soil,BELE,Betula lenta,Black/sweet birch,Forest,226,SRR29444838,SAMN41875343,SRS21660712,SRX24957058,47824.0,2024-06-19 01:01:52,PAIRED,on_SRA,used_in_analysis
BB9Organic_16S_S227,BB9Organic,16S,BB9,Organic,Soil,BELE,Betula lenta,Black/sweet birch,Forest,227,SRR37071877,SAMN42321388,SRS27958975,SRX32018177,57712.0,2026-02-04 00:20:36,PAIRED,on_SRA,used_in_analysis
BB9Organic_ITS_S228,BB9Organic,ITS,BB9,Organic,Soil,BELE,Betula lenta,Black/sweet birch,Forest,228,SRR29444837,SAMN41875345,SRS21660713,SRX24957059,80198.0,2024-06-19 01:01:52,PAIRED,on_SRA,used_in_analysis
BB9Outer_16S_S229,BB9Outer,16S,BB9,Outer,Wood,BELE,Betula lenta,Black/sweet birch,Forest,229,SRR37071876,SAMN42321390,SRS27958974,SRX32018178,14475.0,2026-02-04 00:20:38,PAIRED,on_SRA,used_in_analysis
BB9Outer_ITS_S230,BB9Outer,ITS,BB9,Outer,Wood,BELE,Betula lenta,Black/sweet birch,Forest,230,SRR29444836,SAMN41875347,SRS21660714,SRX24957060,32134.0,2024-06-19 01:01:52,PAIRED,on_SRA,used_in_analysis
BBGT1Inner_16S_S231,BBGT1Inner,16S,BBGT1,Inner,Wood,BELE,Betula lenta,Black/sweet birch,Forest,231,SRR37071875,SAMN42321392,SRS27958976,SRX32018179,33712.0,2026-02-04 00:39:44,PAIRED,on_SRA,used_in_analysis
BBGT1Inner_ITS_S232,BBGT1Inner,ITS,BBGT1,Inner,Wood,BELE,Betula lenta,Black/sweet birch,Forest,232,SRR29444723,SAMN41875349,SRS21660829,SRX24957173,33723.0,2024-06-18 01:32:27,PAIRED,on_SRA,used_in_analysis
BBGT1Mineral_16S_S233,BBGT1Mineral,16S,BBGT1,Mineral,Soil,BELE,Betula lenta,Black/sweet birch,Forest,233,SRR37071874,SAMN42321394,SRS27958977,SRX32018180,33746.0,2026-02-04 00:20:37,PAIRED,on_SRA,used_in_analysis
BBGT1Mineral_ITS_S234,BBGT1Mineral,ITS,BBGT1,Mineral,Soil,BELE,Betula lenta,Black/sweet birch,Forest,234,SRR29444722,SAMN41875351,SRS21660828,SRX24957174,31070.0,2024-06-18 01:32:27,PAIRED,on_SRA,used_in_analysis
BBGT1Organic_16S_S235,BBGT1Organic,16S,BBGT1,Organic,Soil,BELE,Betula lenta,Black/sweet birch,Forest,235,SRR37071873,SAMN42321396,SRS27958978,SRX32018181,47133.0,2026-02-04 00:10:54,PAIRED,on_SRA,used_in_analysis
BBGT1Organic_ITS_S236,BBGT1Organic,ITS,BBGT1,Organic,Soil,BELE,Betula lenta,Black/sweet birch,Forest,236,SRR29444720,SAMN41875353,SRS21660830,SRX24957176,52164.0,2024-06-18 01:10:03,PAIRED,on_SRA,used_in_analysis
BBGT1Outer_16S_S237,BBGT1Outer,16S,BBGT1,Outer,Wood,BELE,Betula lenta,Black/sweet birch,Forest,237,SRR37071872,SAMN42321398,SRS27958979,SRX32018182,14476.0,2026-02-04 00:39:45,PAIRED,on_SRA,used_in_analysis
BBGT1Outer_ITS_S238,BBGT1Outer,ITS,BBGT1,Outer,Wood,BELE,Betula lenta,Black/sweet birch,Forest,238,SRR29444721,SAMN41875354,SRS21660827,SRX24957175,529.0,2024-06-18 01:32:27,PAIRED,on_SRA,used_in_analysis
BBX1Inner_16S_S239,BBX1Inner,16S,BBX1,Inner,Wood,BELE,Betula lenta,Black/sweet birch,Forest,239,SRR37071870,SAMN42321400,SRS27958981,SRX32018184,29229.0,2026-02-04 00:10:54,PAIRED,on_SRA,used_in_analysis
BBX1Inner_ITS_S240,BBX1Inner,ITS,BBX1,Inner,Wood,BELE,Betula lenta,Black/sweet birch,Forest,240,SRR29444719,SAMN41875357,SRS21660831,SRX24957177,35935.0,2024-06-18 01:10:03,PAIRED,on_SRA,used_in_analysis
BBX1Mineral_16S_S241,BBX1Mineral,16S,BBX1,Mineral,Soil,BELE,Betula lenta,Black/sweet birch,Forest,241,SRR37071869,SAMN42321402,SRS27958982,SRX32018185,26397.0,2026-02-04 00:39:45,PAIRED,on_SRA,used_in_analysis
BBX1Mineral_ITS_S242,BBX1Mineral,ITS,BBX1,Mineral,Soil,BELE,Betula lenta,Black/sweet birch,Forest,242,SRR29444717,SAMN41875359,SRS21660834,SRX24957179,32828.0,2024-06-18 01:32:27,PAIRED,on_SRA,used_in_analysis
BBX1Organic_16S_S243,BBX1Organic,16S,BBX1,Organic,Soil,BELE,Betula lenta,Black/sweet birch,Forest,243,SRR37071868,SAMN42321404,SRS27958984,SRX32018186,47543.0,2026-02-04 00:19:03,PAIRED,on_SRA,used_in_analysis
BBX1Organic_ITS_S244,BBX1Organic,ITS,BBX1,Organic,Soil,BELE,Betula lenta,Black/sweet birch,Forest,244,SRR29444716,SAMN41875361,SRS21660837,SRX24957180,46020.0,2024-06-18 01:32:27,PAIRED,on_SRA,used_in_analysis
BBX1Outer_16S_S245,BBX1Outer,16S,BBX1,Outer,Wood,BELE,Betula lenta,Black/sweet birch,Forest,245,SRR37071867,SAMN42321406,SRS27958983,SRX32018187,32966.0,2026-02-04 00:28:53,PAIRED,on_SRA,used_in_analysis
BBX1Outer_ITS_S246,BBX1Outer,ITS,BBX1,Outer,Wood,BELE,Betula lenta,Black/sweet birch,Forest,246,SRR29444715,SAMN41875363,SRS21660833,SRX24957181,52916.0,2024-06-18 01:32:27,PAIRED,on_SRA,used_in_analysis
BBX6Inner_16S_S247,BBX6Inner,16S,BBX6,Inner,Wood,BELE,Betula lenta,Black/sweet birch,Forest,247,SRR37071866,SAMN42321408,SRS27958985,SRX32018188,39717.0,2026-02-04 00:19:04,PAIRED,on_SRA,used_in_analysis
BBX6Inner_ITS_S248,BBX6Inner,ITS,BBX6,Inner,Wood,BELE,Betula lenta,Black/sweet birch,Forest,248,SRR29444713,SAMN41875365,SRS21660836,SRX24957183,61246.0,2024-06-18 01:32:27,PAIRED,on_SRA,used_in_analysis
BBX6Mineral_16S_S249,BBX6Mineral,16S,BBX6,Mineral,Soil,BELE,Betula lenta,Black/sweet birch,Forest,249,SRR37071865,SAMN42321410,SRS27958986,SRX32018189,25017.0,2026-02-04 00:32:36,PAIRED,on_SRA,used_in_analysis
BBX6Mineral_ITS_S250,BBX6Mineral,ITS,BBX6,Mineral,Soil,BELE,Betula lenta,Black/sweet birch,Forest,250,SRR29444714,SAMN41875367,SRS21660835,SRX24957182,43576.0,2024-06-18 01:32:27,PAIRED,on_SRA,used_in_analysis
BBX6Organic_16S_S251,BBX6Organic,16S,BBX6,Organic,Soil,BELE,Betula lenta,Black/sweet birch,Forest,251,SRR37071864,SAMN42321412,SRS27958987,SRX32018190,52593.0,2026-02-04 00:19:03,PAIRED,on_SRA,used_in_analysis
BBX6Organic_ITS_S252,BBX6Organic,ITS,BBX6,Organic,Soil,BELE,Betula lenta,Black/sweet birch,Forest,252,SRR29444712,SAMN41875369,SRS21660838,SRX24957184,27653.0,2024-06-18 01:10:03,PAIRED,on_SRA,used_in_analysis
BBX6Outer_16S_S253,BBX6Outer,16S,BBX6,Outer,Wood,BELE,Betula lenta,Black/sweet birch,Forest,253,SRR37071863,SAMN42321414,SRS27958988,SRX32018191,11387.0,2026-02-04 00:20:36,PAIRED,on_SRA,used_in_analysis
BBX6Outer_ITS_S254,BBX6Outer,ITS,BBX6,Outer,Wood,BELE,Betula lenta,Black/sweet birch,Forest,254,SRR29444711,SAMN41875371,SRS21660839,SRX24957185,30402.0,2024-06-18 01:10:03,PAIRED,on_SRA,used_in_analysis
BBX7Inner_16S_S255,BBX7Inner,16S,BBX7,Inner,Wood,BELE,Betula lenta,Black/sweet birch,Forest,255,SRR37071862,SAMN42321416,SRS27958989,SRX32018192,34777.0,2026-02-04 00:20:38,PAIRED,on_SRA,used_in_analysis
BBX7Inner_ITS_S256,BBX7Inner,ITS,BBX7,Inner,Wood,BELE,Betula lenta,Black/sweet birch,Forest,256,SRR29444710,SAMN41875373,SRS21660840,SRX24957186,38294.0,2024-06-18 01:32:27,PAIRED,on_SRA,used_in_analysis
BBX7Mineral_16S_S257,BBX7Mineral,16S,BBX7,Mineral,Soil,BELE,Betula lenta,Black/sweet birch,Forest,257,SRR37071861,SAMN42321418,SRS27958990,SRX32018193,28394.0,2026-02-04 00:39:45,PAIRED,on_SRA,used_in_analysis
BBX7Mineral_ITS_S258,BBX7Mineral,ITS,BBX7,Mineral,Soil,BELE,Betula lenta,Black/sweet birch,Forest,258,SRR29444709,SAMN41875375,SRS21660841,SRX24957187,29670.0,2024-06-18 01:10:03,PAIRED,on_SRA,used_in_analysis
BBX7Organic_16S_S259,BBX7Organic,16S,BBX7,Organic,Soil,BELE,Betula lenta,Black/sweet birch,Forest,259,SRR37071859,SAMN42321420,SRS27958992,SRX32018195,56345.0,2026-02-04 00:20:38,PAIRED,on_SRA,used_in_analysis
BBX7Organic_ITS_S260,BBX7Organic,ITS,BBX7,Organic,Soil,BELE,Betula lenta,Black/sweet birch,Forest,260,SRR29444708,SAMN41875377,SRS21660842,SRX24957188,46606.0,2024-06-18 01:10:03,PAIRED,on_SRA,used_in_analysis
BBX7Outer_16S_S261,BBX7Outer,16S,BBX7,Outer,Wood,BELE,Betula lenta,Black/sweet birch,Forest,261,SRR37071858,SAMN42321422,SRS27958993,SRX32018196,20754.0,2026-02-04 00:20:37,PAIRED,on_SRA,used_in_analysis
BBX7Outer_ITS_S262,BBX7Outer,ITS,BBX7,Outer,Wood,BELE,Betula lenta,Black/sweet birch,Forest,262,SRR29444706,SAMN41875379,SRS21660845,SRX24957190,36847.0,2024-06-18 01:10:03,PAIRED,on_SRA,used_in_analysis
BC1Mineral_16S_S263,BC1Mineral,16S,BC1,Mineral,Soil,PRSE,Prunus serotina,Black cherry,Forest,263,SRR37071857,SAMN42321424,SRS27958994,SRX32018197,23818.0,2026-02-04 00:19:03,PAIRED,on_SRA,used_in_analysis
BC1Mineral_ITS_S264,BC1Mineral,ITS,BC1,Mineral,Soil,PRSE,Prunus serotina,Black cherry,Forest,264,SRR29444705,SAMN41875381,SRS21660844,SRX24957191,43809.0,2024-06-18 01:32:27,PAIRED,on_SRA,used_in_analysis
BC1Organic_16S_S265,BC1Organic,16S,BC1,Organic,Soil,PRSE,Prunus serotina,Black cherry,Forest,265,SRR37071856,SAMN42321426,SRS27958995,SRX32018198,46569.0,2026-02-04 00:39:44,PAIRED,on_SRA,used_in_analysis
BC1Organic_ITS_S266,BC1Organic,ITS,BC1,Organic,Soil,PRSE,Prunus serotina,Black cherry,Forest,266,SRR29444704,SAMN41875383,SRS21660846,SRX24957192,57517.0,2024-06-18 01:32:27,PAIRED,on_SRA,used_in_analysis
BC1Outer_16S_S267,BC1Outer,16S,BC1,Outer,Wood,PRSE,Prunus serotina,Black cherry,Forest,267,SRR37071798,SAMN42321428,SRS27958996,SRX32018199,10535.0,2026-02-04 00:29:27,PAIRED,on_SRA,used_in_analysis
BC1Outer_ITS_S268,BC1Outer,ITS,BC1,Outer,Wood,PRSE,Prunus serotina,Black cherry,Forest,268,SRR29444702,SAMN41875385,SRS21660849,SRX24957194,11770.0,2024-06-18 01:32:27,PAIRED,on_SRA,used_in_analysis
BC2Inner_16S_S269,BC2Inner,16S,BC2,Inner,Wood,PRSE,Prunus serotina,Black cherry,Forest,269,SRR37071797,SAMN42321430,SRS27959054,SRX32018257,17852.0,2026-02-04 00:20:38,PAIRED,on_SRA,used_in_analysis
BC2Inner_ITS_S270,BC2Inner,ITS,BC2,Inner,Wood,PRSE,Prunus serotina,Black cherry,Forest,270,SRR29444703,SAMN41875387,SRS21660847,SRX24957193,34191.0,2024-06-18 01:10:03,PAIRED,on_SRA,used_in_analysis
BC2Mineral_16S_S271,BC2Mineral,16S,BC2,Mineral,Soil,PRSE,Prunus serotina,Black cherry,Forest,271,SRR37071796,SAMN42321432,SRS27959055,SRX32018258,31290.0,2026-02-04 00:39:45,PAIRED,on_SRA,used_in_analysis
BC2Mineral_ITS_S272,BC2Mineral,ITS,BC2,Mineral,Soil,PRSE,Prunus serotina,Black cherry,Forest,272,SRR29444701,SAMN41875389,SRS21660848,SRX24957195,45521.0,2024-06-18 01:10:04,PAIRED,on_SRA,used_in_analysis
BC2Organic_16S_S273,BC2Organic,16S,BC2,Organic,Soil,PRSE,Prunus serotina,Black cherry,Forest,273,SRR37071795,SAMN42321434,SRS27959056,SRX32018259,36774.0,2026-02-04 00:20:38,PAIRED,on_SRA,used_in_analysis
BC2Organic_ITS_S274,BC2Organic,ITS,BC2,Organic,Soil,PRSE,Prunus serotina,Black cherry,Forest,274,SRR29444700,SAMN41875391,SRS21660850,SRX24957196,48928.0,2024-06-18 01:32:27,PAIRED,on_SRA,used_in_analysis
BC2Outer_16S_S275,BC2Outer,16S,BC2,Outer,Wood,PRSE,Prunus serotina,Black cherry,Forest,275,SRR37071794,SAMN42321436,SRS27959057,SRX32018260,23101.0,2026-02-04 00:19:04,PAIRED,on_SRA,used_in_analysis
BC2Outer_ITS_S276,BC2Outer,ITS,BC2,Outer,Wood,PRSE,Prunus serotina,Black cherry,Forest,276,SRR29444699,SAMN41875393,SRS21660851,SRX24957197,27471.0,2024-06-18 01:32:27,PAIRED,on_SRA,used_in_analysis
BC4Inner_16S_S277,BC4Inner,16S,BC4,Inner,Wood,PRSE,Prunus serotina,Black cherry,Forest,277,SRR37071793,SAMN42321438,SRS27959058,SRX32018261,18268.0,2026-02-04 00:19:04,PAIRED,on_SRA,used_in_analysis
BC4Inner_ITS_S278,BC4Inner,ITS,BC4,Inner,Wood,PRSE,Prunus serotina,Black cherry,Forest,278,SRR29444698,SAMN41875394,SRS21660852,SRX24957198,519.0,2024-06-18 01:32:28,PAIRED,on_SRA,used_in_analysis
BC4Mineral_16S_S279,BC4Mineral,16S,BC4,Mineral,Soil,PRSE,Prunus serotina,Black cherry,Forest,279,SRR37071791,SAMN42321440,SRS27959060,SRX32018263,28153.0,2026-02-06 07:39:49,PAIRED,on_SRA,used_in_analysis
BC4Mineral_ITS_S280,BC4Mineral,ITS,BC4,Mineral,Soil,PRSE,Prunus serotina,Black cherry,Forest,280,SRR29444697,SAMN41875397,SRS21660853,SRX24957199,58678.0,2024-06-18 01:32:28,PAIRED,on_SRA,used_in_analysis
BC4Organic_16S_S281,BC4Organic,16S,BC4,Organic,Soil,PRSE,Prunus serotina,Black cherry,Forest,281,SRR37071790,SAMN42321442,SRS27959061,SRX32018264,41526.0,2026-02-04 00:29:24,PAIRED,on_SRA,used_in_analysis
BC4Organic_ITS_S282,BC4Organic,ITS,BC4,Organic,Soil,PRSE,Prunus serotina,Black cherry,Forest,282,SRR29444586,SAMN41875399,SRS21660464,SRX24956810,78678.0,2024-06-18 02:52:03,PAIRED,on_SRA,used_in_analysis
BC4Outer_16S_S283,BC4Outer,16S,BC4,Outer,Wood,PRSE,Prunus serotina,Black cherry,Forest,283,SRR37071789,SAMN42321444,SRS27959062,SRX32018265,9674.0,2026-02-04 00:19:04,PAIRED,on_SRA,used_in_analysis
BC4Outer_ITS_S284,BC4Outer,ITS,BC4,Outer,Wood,PRSE,Prunus serotina,Black cherry,Forest,284,SRR29444585,SAMN41875401,SRS21660466,SRX24956811,4586.0,2024-06-19 01:01:44,PAIRED,on_SRA,used_in_analysis
BO1Inner_16S_S285,BO1Inner,16S,BO1,Inner,Wood,QUVE,Quercus velutina,Black oak,Forest,285,SRR37071787,SAMN42321446,SRS27959064,SRX32018267,14870.0,2026-02-04 00:19:04,PAIRED,on_SRA,used_in_analysis
BO1Inner_ITS_S286,BO1Inner,ITS,BO1,Inner,Wood,QUVE,Quercus velutina,Black oak,Forest,286,SRR29444584,SAMN41875402,SRS21660465,SRX24956812,395.0,2024-06-18 01:32:25,PAIRED,on_SRA,used_in_analysis
BO1Mineral_16S_S287,BO1Mineral,16S,BO1,Mineral,Soil,QUVE,Quercus velutina,Black oak,Forest,287,SRR37071788,SAMN42321448,SRS27959063,SRX32018266,31670.0,2026-02-04 00:29:25,PAIRED,on_SRA,used_in_analysis
BO1Mineral_ITS_S288,BO1Mineral,ITS,BO1,Mineral,Soil,QUVE,Quercus velutina,Black oak,Forest,288,SRR29444582,SAMN41875405,SRS21660468,SRX24956814,60972.0,2024-06-18 01:10:02,PAIRED,on_SRA,used_in_analysis
BO1Organic_16S_S289,BO1Organic,16S,BO1,Organic,Soil,QUVE,Quercus velutina,Black oak,Forest,289,SRR37071786,SAMN42321450,SRS27959065,SRX32018268,24337.0,2026-02-04 00:11:11,PAIRED,on_SRA,used_in_analysis
BO1Organic_ITS_S290,BO1Organic,ITS,BO1,Organic,Soil,QUVE,Quercus velutina,Black oak,Forest,290,SRR29444583,SAMN41875407,SRS21660467,SRX24956813,40260.0,2024-06-18 01:10:02,PAIRED,on_SRA,used_in_analysis
BO1Outer_16S_S291,BO1Outer,16S,BO1,Outer,Wood,QUVE,Quercus velutina,Black oak,Forest,291,SRR37071785,SAMN42321452,SRS27959066,SRX32018269,23673.0,2026-02-04 00:10:54,PAIRED,on_SRA,used_in_analysis
BO1Outer_ITS_S292,BO1Outer,ITS,BO1,Outer,Wood,QUVE,Quercus velutina,Black oak,Forest,292,SRR29444581,SAMN41875409,SRS21660470,SRX24956815,42585.0,2024-06-19 01:01:44,PAIRED,on_SRA,used_in_analysis
CUL8RInner_16S_S293,CUL8RInner,16S,CUL8R,Inner,Wood,BEAL,Betula alleghaniensis,Yellow birch,Forest,293,SRR37071784,SAMN42321454,SRS27959067,SRX32018270,32332.0,2026-02-04 00:19:04,PAIRED,on_SRA,used_in_analysis
CUL8RInner_ITS_S294,CUL8RInner,ITS,CUL8R,Inner,Wood,BEAL,Betula alleghaniensis,Yellow birch,Forest,294,SRR29444580,SAMN41875411,SRS21660469,SRX24956816,29473.0,2024-06-19 01:01:45,PAIRED,on_SRA,used_in_analysis
CUL8RMineral_16S_S295,CUL8RMineral,16S,CUL8R,Mineral,Soil,BEAL,Betula alleghaniensis,Yellow birch,Forest,295,SRR37071783,SAMN42321456,SRS27959068,SRX32018271,14225.0,2026-02-04 00:22:39,PAIRED,on_SRA,used_in_analysis
CUL8RMineral_ITS_S296,CUL8RMineral,ITS,CUL8R,Mineral,Soil,BEAL,Betula alleghaniensis,Yellow birch,Forest,296,SRR29444579,SAMN41875413,SRS21660471,SRX24956817,35553.0,2024-06-18 01:32:25,PAIRED,on_SRA,used_in_analysis
CUL8ROrganic_16S_S297,CUL8ROrganic,16S,CUL8R,Organic,Soil,BEAL,Betula alleghaniensis,Yellow birch,Forest,297,SRR37071782,SAMN42321458,SRS27959069,SRX32018272,41222.0,2026-02-04 00:22:39,PAIRED,on_SRA,used_in_analysis
CUL8ROrganic_ITS_S298,CUL8ROrganic,ITS,CUL8R,Organic,Soil,BEAL,Betula alleghaniensis,Yellow birch,Forest,298,SRR29444577,SAMN41875415,SRS21660475,SRX24956819,23715.0,2024-06-19 01:01:45,PAIRED,on_SRA,used_in_analysis
CUL8ROuter_16S_S299,CUL8ROuter,16S,CUL8R,Outer,Wood,BEAL,Betula alleghaniensis,Yellow birch,Forest,299,SRR37071780,SAMN42321460,SRS27959071,SRX32018274,25700.0,2026-02-04 00:29:25,PAIRED,on_SRA,used_in_analysis
CUL8ROuter_ITS_S300,CUL8ROuter,ITS,CUL8R,Outer,Wood,BEAL,Betula alleghaniensis,Yellow birch,Forest,300,SRR29444578,SAMN41875416,SRS21660473,SRX24956818,1978.0,2024-06-19 01:01:45,PAIRED,on_SRA,used_in_analysis
Fungal_mock_ITS_S301,Fungal_mock,ITS,Fungal_mock,Mock,Mock,,,,Forest,301,SRR29444575,SAMN41875419,SRS21660474,SRX24956821,37546.0,2024-06-18 02:52:03,PAIRED,on_SRA,not_in_analysis_tables
H101Inner_16S_S302,H101Inner,16S,H101,Inner,Wood,TSCA,Tsuga canadensis,Eastern hemlock,Forest,302,SRR37071778,SAMN42321463,SRS27959073,SRX32018276,18197.0,2026-02-04 00:20:38,PAIRED,on_SRA,used_in_analysis
H101Inner_ITS_S303,H101Inner,ITS,H101,Inner,Wood,TSCA,Tsuga canadensis,Eastern hemlock,Forest,303,SRR29444574,SAMN41875421,SRS21660476,SRX24956822,10842.0,2024-06-19 01:01:45,PAIRED,on_SRA,used_in_analysis
H101Mineral_16S_S304,H101Mineral,16S,H101,Mineral,Soil,TSCA,Tsuga canadensis,Eastern hemlock,Forest,304,SRR37071776,SAMN42321465,SRS27959075,SRX32018278,28091.0,2026-02-04 00:29:24,PAIRED,on_SRA,used_in_analysis
H101Mineral_ITS_S305,H101Mineral,ITS,H101,Mineral,Soil,TSCA,Tsuga canadensis,Eastern hemlock,Forest,305,SRR29444573,SAMN41875423,SRS21660477,SRX24956823,54177.0,2024-06-18 01:32:25,PAIRED,on_SRA,used_in_analysis
H101Organic_16S_S306,H101Organic,16S,H101,Organic,Soil,TSCA,Tsuga canadensis,Eastern hemlock,Forest,306,SRR37071777,SAMN42321467,SRS27959074,SRX32018277,26015.0,2026-02-04 00:39:45,PAIRED,on_SRA,used_in_analysis
H101Organic_ITS_S307,H101Organic,ITS,H101,Organic,Soil,TSCA,Tsuga canadensis,Eastern hemlock,Forest,307,SRR29444572,SAMN41875425,SRS21660478,SRX24956824,30360.0,2024-06-18 01:10:03,PAIRED,on_SRA,used_in_analysis
H101Outer_16S_S308,H101Outer,16S,H101,Outer,Wood,TSCA,Tsuga canadensis,Eastern hemlock,Forest,308,SRR37071775,SAMN42321469,SRS27959076,SRX32018279,18067.0,2026-02-04 00:29:25,PAIRED,on_SRA,used_in_analysis
H101Outer_ITS_S309,H101Outer,ITS,H101,Outer,Wood,TSCA,Tsuga canadensis,Eastern hemlock,Forest,309,SRR29444571,SAMN41875427,SRS21660480,SRX24956825,25587.0,2024-06-19 01:01:45,PAIRED,on_SRA,used_in_analysis
H102Inner_16S_S310,H102Inner,16S,H102,Inner,Wood,TSCA,Tsuga canadensis,Eastern hemlock,Forest,310,SRR37071774,SAMN42321471,SRS27959077,SRX32018280,22199.0,2026-02-04 00:19:04,PAIRED,on_SRA,used_in_analysis
H102Inner_ITS_S311,H102Inner,ITS,H102,Inner,Wood,TSCA,Tsuga canadensis,Eastern hemlock,Forest,311,SRR29444570,SAMN41875429,SRS21660479,SRX24956826,3959.0,2024-06-18 01:32:25,PAIRED,on_SRA,used_in_analysis
H102Mineral_16S_S312,H102Mineral,16S,H102,Mineral,Soil,TSCA,Tsuga canadensis,Eastern hemlock,Forest,312,SRR37071773,SAMN42321473,SRS27959078,SRX32018281,33101.0,2026-02-04 00:29:24,PAIRED,on_SRA,used_in_analysis
H102Mineral_ITS_S313,H102Mineral,ITS,H102,Mineral,Soil,TSCA,Tsuga canadensis,Eastern hemlock,Forest,313,SRR29444569,SAMN41875431,SRS21660482,SRX24956827,48585.0,2024-06-19 01:01:45,PAIRED,on_SRA,used_in_analysis
H102Organic_16S_S314,H102Organic,16S,H102,Organic,Soil,TSCA,Tsuga canadensis,Eastern hemlock,Forest,314,SRR37071772,SAMN42321475,SRS27959079,SRX32018282,27158.0,2026-02-04 00:10:54,PAIRED,on_SRA,used_in_analysis
H102Organic_ITS_S315,H102Organic,ITS,H102,Organic,Soil,TSCA,Tsuga canadensis,Eastern hemlock,Forest,315,SRR29444568,SAMN41875433,SRS21660481,SRX24956828,47605.0,2024-06-19 01:01:45,PAIRED,on_SRA,used_in_analysis
H102Outer_16S_S316,H102Outer,16S,H102,Outer,Wood,TSCA,Tsuga canadensis,Eastern hemlock,Forest,316,SRR37071939,SAMN42321477,SRS27959080,SRX32018283,25544.0,2026-02-04 00:20:38,PAIRED,on_SRA,used_in_analysis
H102Outer_ITS_S317,H102Outer,ITS,H102,Outer,Wood,TSCA,Tsuga canadensis,Eastern hemlock,Forest,317,SRR29444567,SAMN41875435,SRS21660483,SRX24956829,25662.0,2024-06-19 01:01:45,PAIRED,on_SRA,used_in_analysis
H103Inner_16S_S318,H103Inner,16S,H103,Inner,Wood,TSCA,Tsuga canadensis,Eastern hemlock,Forest,318,SRR37071937,SAMN42321479,SRS27958914,SRX32018117,38230.0,2026-02-04 00:29:24,PAIRED,on_SRA,used_in_analysis
H103Inner_ITS_S319,H103Inner,ITS,H103,Inner,Wood,TSCA,Tsuga canadensis,Eastern hemlock,Forest,319,SRR29444566,SAMN41875437,SRS21660484,SRX24956830,30281.0,2024-06-18 01:10:03,PAIRED,on_SRA,used_in_analysis
H103Mineral_16S_S320,H103Mineral,16S,H103,Mineral,Soil,TSCA,Tsuga canadensis,Eastern hemlock,Forest,320,SRR37071936,SAMN42321481,SRS27958915,SRX32018118,29700.0,2026-02-05 00:30:44,PAIRED,on_SRA,used_in_analysis
H103Mineral_ITS_S321,H103Mineral,ITS,H103,Mineral,Soil,TSCA,Tsuga canadensis,Eastern hemlock,Forest,321,SRR29444564,SAMN41875439,SRS21660486,SRX24956832,46051.0,2024-06-18 02:52:03,PAIRED,on_SRA,used_in_analysis
H103Organic_16S_S322,H103Organic,16S,H103,Organic,Soil,TSCA,Tsuga canadensis,Eastern hemlock,Forest,322,SRR37071935,SAMN42321483,SRS27958916,SRX32018119,30563.0,2026-02-04 00:28:53,PAIRED,on_SRA,used_in_analysis
H103Organic_ITS_S323,H103Organic,ITS,H103,Organic,Soil,TSCA,Tsuga canadensis,Eastern hemlock,Forest,323,SRR29444563,SAMN41875441,SRS21660487,SRX24956833,36781.0,2024-06-18 02:52:03,PAIRED,on_SRA,used_in_analysis
H103Outer_16S_S324,H103Outer,16S,H103,Outer,Wood,TSCA,Tsuga canadensis,Eastern hemlock,Forest,324,SRR37071934,SAMN42321485,SRS27958917,SRX32018120,15396.0,2026-02-04 00:19:04,PAIRED,on_SRA,used_in_analysis
H103Outer_ITS_S325,H103Outer,ITS,H103,Outer,Wood,TSCA,Tsuga canadensis,Eastern hemlock,Forest,325,SRR29444562,SAMN41875443,SRS21660488,SRX24956834,478.0,2024-06-19 01:01:45,PAIRED,on_SRA,used_in_analysis
H104Mineral_16S_S326,H104Mineral,16S,H104,Mineral,Soil,TSCA,Tsuga canadensis,Eastern hemlock,Forest,326,SRR37071933,SAMN42321487,SRS27958918,SRX32018121,38112.0,2026-02-04 00:22:39,PAIRED,on_SRA,used_in_analysis
H104Mineral_ITS_S327,H104Mineral,ITS,H104,Mineral,Soil,TSCA,Tsuga canadensis,Eastern hemlock,Forest,327,SRR29444561,SAMN41875445,SRS21660489,SRX24956835,51483.0,2024-06-19 01:01:45,PAIRED,on_SRA,used_in_analysis
H104Organic_16S_S328,H104Organic,16S,H104,Organic,Soil,TSCA,Tsuga canadensis,Eastern hemlock,Forest,328,SRR37071932,SAMN42321489,SRS27958919,SRX32018122,26809.0,2026-02-04 00:28:51,PAIRED,on_SRA,used_in_analysis
H104Organic_ITS_S329,H104Organic,ITS,H104,Organic,Soil,TSCA,Tsuga canadensis,Eastern hemlock,Forest,329,SRR29444560,SAMN41875447,SRS21660490,SRX24956836,33445.0,2024-06-18 02:52:03,PAIRED,on_SRA,used_in_analysis
HM104Inner_ITS_S143,HM104Inner,ITS,H104,Inner,Wood,TSCA,Tsuga canadensis,Eastern hemlock,Forest,143,,,,,,,,missing_from_SRA,used_in_analysis
HM104Outer_ITS_S146,HM104Outer,ITS,H104,Outer,Wood,TSCA,Tsuga canadensis,Eastern hemlock,Forest,146,,,,,,,,missing_from_SRA,used_in_analysis
H2Inner_16S_S330,H2Inner,16S,H2,Inner,Wood,TSCA,Tsuga canadensis,Eastern hemlock,Forest,330,SRR37071931,SAMN42321491,SRS27958920,SRX32018123,33075.0,2026-02-04 00:22:39,PAIRED,on_SRA,used_in_analysis
H2Inner_ITS_S331,H2Inner,ITS,H2,Inner,Wood,TSCA,Tsuga canadensis,Eastern hemlock,Forest,331,SRR29444475,SAMN41875449,SRS21660575,SRX24956921,39256.0,2024-06-18 00:32:00,PAIRED,on_SRA,used_in_analysis
H2Mineral_16S_S332,H2Mineral,16S,H2,Mineral,Soil,TSCA,Tsuga canadensis,Eastern hemlock,Forest,332,SRR37071930,SAMN42321493,SRS27958922,SRX32018124,28472.0,2026-02-04 00:19:03,PAIRED,on_SRA,used_in_analysis
H2Mineral_ITS_S333,H2Mineral,ITS,H2,Mineral,Soil,TSCA,Tsuga canadensis,Eastern hemlock,Forest,333,SRR29444474,SAMN41875451,SRS21660577,SRX24956922,52619.0,2024-06-18 00:32:00,PAIRED,on_SRA,used_in_analysis
H2Organic_16S_S334,H2Organic,16S,H2,Organic,Soil,TSCA,Tsuga canadensis,Eastern hemlock,Forest,334,SRR37071929,SAMN42321495,SRS27958921,SRX32018125,23161.0,2026-02-04 00:47:19,PAIRED,on_SRA,used_in_analysis
H2Organic_ITS_S335,H2Organic,ITS,H2,Organic,Soil,TSCA,Tsuga canadensis,Eastern hemlock,Forest,335,SRR29444473,SAMN41875453,SRS21660576,SRX24956923,40375.0,2024-06-18 00:32:00,PAIRED,on_SRA,used_in_analysis
H2Outer_16S_S336,H2Outer,16S,H2,Outer,Wood,TSCA,Tsuga canadensis,Eastern hemlock,Forest,336,SRR37071928,SAMN42321497,SRS27958923,SRX32018126,19204.0,2026-02-04 00:39:45,PAIRED,on_SRA,used_in_analysis
H2Outer_ITS_S337,H2Outer,ITS,H2,Outer,Wood,TSCA,Tsuga canadensis,Eastern hemlock,Forest,337,SRR29444472,SAMN41875455,SRS21660578,SRX24956924,17933.0,2024-06-18 00:32:00,PAIRED,on_SRA,used_in_analysis
H3Inner_16S_S346,H3Inner,16S,H3,Inner,Wood,TSCA,Tsuga canadensis,Eastern hemlock,Forest,346,SRR37071922,SAMN42321507,SRS27958929,SRX32018132,32674.0,2026-02-04 00:20:37,PAIRED,on_SRA,used_in_analysis
H3Inner_ITS_S347,H3Inner,ITS,H3,Inner,Wood,TSCA,Tsuga canadensis,Eastern hemlock,Forest,347,SRR29444465,SAMN41875465,SRS21660584,SRX24956931,25863.0,2024-06-18 00:32:00,PAIRED,on_SRA,used_in_analysis
H3Outer_16S_S348,H3Outer,16S,H3,Outer,Wood,TSCA,Tsuga canadensis,Eastern hemlock,Forest,348,SRR37071920,SAMN42321509,SRS27958931,SRX32018134,18300.0,2026-02-04 00:19:03,PAIRED,on_SRA,used_in_analysis
H3Outer_ITS_S349,H3Outer,ITS,H3,Outer,Wood,TSCA,Tsuga canadensis,Eastern hemlock,Forest,349,SRR29444466,SAMN41875467,SRS21660585,SRX24956930,20087.0,2024-06-18 01:32:26,PAIRED,on_SRA,used_in_analysis
H301Inner_16S_S338,H301Inner,16S,H301,Inner,Wood,TSCA,Tsuga canadensis,Eastern hemlock,Forest,338,SRR37071926,SAMN42321499,SRS27958925,SRX32018128,27855.0,2026-02-04 00:22:39,PAIRED,on_SRA,used_in_analysis
H301Inner_ITS_S339,H301Inner,ITS,H301,Inner,Wood,TSCA,Tsuga canadensis,Eastern hemlock,Forest,339,SRR29444471,SAMN41875457,SRS21660582,SRX24956925,14599.0,2024-06-18 00:32:00,PAIRED,on_SRA,used_in_analysis
H301Mineral_16S_S340,H301Mineral,16S,H301,Mineral,Soil,TSCA,Tsuga canadensis,Eastern hemlock,Forest,340,SRR37071925,SAMN42321501,SRS27958926,SRX32018129,24731.0,2026-02-04 00:10:54,PAIRED,on_SRA,used_in_analysis
H301Mineral_ITS_S341,H301Mineral,ITS,H301,Mineral,Soil,TSCA,Tsuga canadensis,Eastern hemlock,Forest,341,SRR29444469,SAMN41875459,SRS21660579,SRX24956927,27473.0,2024-06-18 00:32:00,PAIRED,on_SRA,used_in_analysis
H301Organic_16S_S342,H301Organic,16S,H301,Organic,Soil,TSCA,Tsuga canadensis,Eastern hemlock,Forest,342,SRR37071924,SAMN42321503,SRS27958927,SRX32018130,26664.0,2026-02-04 00:29:24,PAIRED,on_SRA,used_in_analysis
H301Organic_ITS_S343,H301Organic,ITS,H301,Organic,Soil,TSCA,Tsuga canadensis,Eastern hemlock,Forest,343,SRR29444468,SAMN41875461,SRS21660580,SRX24956928,47221.0,2024-06-18 00:32:00,PAIRED,on_SRA,used_in_analysis
H301Outer_16S_S344,H301Outer,16S,H301,Outer,Wood,TSCA,Tsuga canadensis,Eastern hemlock,Forest,344,SRR37071923,SAMN42321505,SRS27958928,SRX32018131,15061.0,2026-02-06 07:39:49,PAIRED,on_SRA,used_in_analysis
H301Outer_ITS_S345,H301Outer,ITS,H301,Outer,Wood,TSCA,Tsuga canadensis,Eastern hemlock,Forest,345,SRR29444467,SAMN41875463,SRS21660583,SRX24956929,7575.0,2024-06-18 00:32:00,PAIRED,on_SRA,used_in_analysis
H4Inner_16S_S350,H4Inner,16S,H4,Inner,Wood,TSCA,Tsuga canadensis,Eastern hemlock,Forest,350,SRR37071919,SAMN42321511,SRS27958932,SRX32018135,38961.0,2026-02-04 00:47:19,PAIRED,on_SRA,used_in_analysis
H4Inner_ITS_S351,H4Inner,ITS,H4,Inner,Wood,TSCA,Tsuga canadensis,Eastern hemlock,Forest,351,SRR29444464,SAMN41875469,SRS21660588,SRX24956932,24025.0,2024-06-18 01:32:26,PAIRED,on_SRA,used_in_analysis
H4Organic_16S_S352,H4Organic,16S,H4,Organic,Soil,TSCA,Tsuga canadensis,Eastern hemlock,Forest,352,SRR37071918,SAMN42321513,SRS27958933,SRX32018136,16107.0,2026-02-04 00:40:19,PAIRED,on_SRA,used_in_analysis
H4Organic_ITS_S353,H4Organic,ITS,H4,Organic,Soil,TSCA,Tsuga canadensis,Eastern hemlock,Forest,353,SRR29444463,SAMN41875471,SRS21660586,SRX24956933,28308.0,2024-06-18 00:32:00,PAIRED,on_SRA,used_in_analysis
H4Outer_16S_S354,H4Outer,16S,H4,Outer,Wood,TSCA,Tsuga canadensis,Eastern hemlock,Forest,354,SRR37071917,SAMN42321515,SRS27958934,SRX32018137,18349.0,2026-02-04 00:28:51,PAIRED,on_SRA,used_in_analysis
H4Outer_ITS_S355,H4Outer,ITS,H4,Outer,Wood,TSCA,Tsuga canadensis,Eastern hemlock,Forest,355,SRR29444462,SAMN41875473,SRS21660587,SRX24956934,20522.0,2024-06-18 00:32:00,PAIRED,on_SRA,used_in_analysis
H5Inner_16S_S356,H5Inner,16S,H5,Inner,Wood,TSCA,Tsuga canadensis,Eastern hemlock,Forest,356,SRR37071916,SAMN42321517,SRS27958935,SRX32018138,39545.0,2026-02-04 00:20:37,PAIRED,on_SRA,used_in_analysis
H5Inner_ITS_S357,H5Inner,ITS,H5,Inner,Wood,TSCA,Tsuga canadensis,Eastern hemlock,Forest,357,SRR29444461,SAMN41875475,SRS21660589,SRX24956935,28958.0,2024-06-18 00:32:01,PAIRED,on_SRA,used_in_analysis
H5Mineral_16S_S358,H5Mineral,16S,H5,Mineral,Soil,TSCA,Tsuga canadensis,Eastern hemlock,Forest,358,SRR37071915,SAMN42321519,SRS27958936,SRX32018139,30010.0,2026-02-04 00:39:44,PAIRED,on_SRA,used_in_analysis
H5Mineral_ITS_S359,H5Mineral,ITS,H5,Mineral,Soil,TSCA,Tsuga canadensis,Eastern hemlock,Forest,359,SRR29444460,SAMN41875477,SRS21660590,SRX24956936,53682.0,2024-06-18 00:32:01,PAIRED,on_SRA,used_in_analysis
H5Organic_16S_S360,H5Organic,16S,H5,Organic,Soil,TSCA,Tsuga canadensis,Eastern hemlock,Forest,360,SRR37071914,SAMN42321521,SRS27958937,SRX32018140,22609.0,2026-02-04 00:11:10,PAIRED,on_SRA,used_in_analysis
H5Organic_ITS_S361,H5Organic,ITS,H5,Organic,Soil,TSCA,Tsuga canadensis,Eastern hemlock,Forest,361,SRR29444458,SAMN41875479,SRS21660593,SRX24956938,30860.0,2024-06-18 00:32:01,PAIRED,on_SRA,used_in_analysis
H5Outer_16S_S362,H5Outer,16S,H5,Outer,Wood,TSCA,Tsuga canadensis,Eastern hemlock,Forest,362,SRR37071913,SAMN42321523,SRS27958938,SRX32018141,16014.0,2026-02-04 00:29:26,PAIRED,on_SRA,used_in_analysis
H5Outer_ITS_S363,H5Outer,ITS,H5,Outer,Wood,TSCA,Tsuga canadensis,Eastern hemlock,Forest,363,SRR29444457,SAMN41875481,SRS21660592,SRX24956939,20879.0,2024-06-18 00:32:01,PAIRED,on_SRA,used_in_analysis
H8Organic_16S_S364,H8Organic,16S,H8,Organic,Soil,TSCA,Tsuga canadensis,Eastern hemlock,Forest,364,SRR37071912,SAMN42321525,SRS27958939,SRX32018142,30545.0,2026-02-04 00:39:45,PAIRED,on_SRA,used_in_analysis
H8Organic_ITS_S365,H8Organic,ITS,H8,Organic,Soil,TSCA,Tsuga canadensis,Eastern hemlock,Forest,365,SRR29444456,SAMN41875483,SRS21660594,SRX24956940,43878.0,2024-06-18 00:32:01,PAIRED,on_SRA,used_in_analysis
HM8Inner_ITS_S149,HM8Inner,ITS,H8,Inner,Wood,TSCA,Tsuga canadensis,Eastern hemlock,Forest,149,,,,,,,,missing_from_SRA,used_in_analysis
HM8Mineral_ITS_S152,HM8Mineral,ITS,H8,Mineral,Soil,TSCA,Tsuga canadensis,Eastern hemlock,Forest,152,,,,,,,,missing_from_SRA,used_in_analysis
HM8Outer_ITS_S155,HM8Outer,ITS,H8,Outer,Wood,TSCA,Tsuga canadensis,Eastern hemlock,Forest,155,,,,,,,,missing_from_SRA,used_in_analysis
H9Inner_16S_S366,H9Inner,16S,H9,Inner,Wood,TSCA,Tsuga canadensis,Eastern hemlock,Forest,366,SRR37072051,SAMN42321527,SRS27958941,SRX32018143,42728.0,2026-02-04 00:29:26,PAIRED,on_SRA,used_in_analysis
H9Inner_ITS_S367,H9Inner,ITS,H9,Inner,Wood,TSCA,Tsuga canadensis,Eastern hemlock,Forest,367,SRR29444454,SAMN41875485,SRS21660596,SRX24956942,54070.0,2024-06-18 00:32:01,PAIRED,on_SRA,used_in_analysis
H9Mineral_16S_S368,H9Mineral,16S,H9,Mineral,Soil,TSCA,Tsuga canadensis,Eastern hemlock,Forest,368,SRR37072050,SAMN42321529,SRS27959304,SRX32018507,30467.0,2026-02-04 00:29:26,PAIRED,on_SRA,used_in_analysis
H9Mineral_ITS_S369,H9Mineral,ITS,H9,Mineral,Soil,TSCA,Tsuga canadensis,Eastern hemlock,Forest,369,SRR29444455,SAMN41875487,SRS21660595,SRX24956941,44928.0,2024-06-18 00:32:01,PAIRED,on_SRA,used_in_analysis
H9Organic_16S_S370,H9Organic,16S,H9,Organic,Soil,TSCA,Tsuga canadensis,Eastern hemlock,Forest,370,SRR37072049,SAMN42321531,SRS27959305,SRX32018508,27359.0,2026-02-04 00:39:44,PAIRED,on_SRA,used_in_analysis
H9Organic_ITS_S371,H9Organic,ITS,H9,Organic,Soil,TSCA,Tsuga canadensis,Eastern hemlock,Forest,371,SRR29444453,SAMN41875489,SRS21660597,SRX24956943,49577.0,2024-06-18 00:32:01,PAIRED,on_SRA,used_in_analysis
H9Outer_16S_S372,H9Outer,16S,H9,Outer,Wood,TSCA,Tsuga canadensis,Eastern hemlock,Forest,372,SRR37072048,SAMN42321533,SRS27959306,SRX32018509,18389.0,2026-02-04 00:19:03,PAIRED,on_SRA,used_in_analysis
H9Outer_ITS_S373,H9Outer,ITS,H9,Outer,Wood,TSCA,Tsuga canadensis,Eastern hemlock,Forest,373,SRR29444452,SAMN41875491,SRS21660598,SRX24956944,8044.0,2024-06-18 00:32:01,PAIRED,on_SRA,used_in_analysis
HM104Inner_16S_S141,HM104Inner,16S,H104,Inner,Wood,TSCA,Tsuga canadensis,Eastern hemlock,Forest,141,,,,,,,,missing_from_SRA,used_in_analysis
HM104Outer_16S_S144,HM104Outer,16S,H104,Outer,Wood,TSCA,Tsuga canadensis,Eastern hemlock,Forest,144,,,,,,,,missing_from_SRA,used_in_analysis
HM8Inner_16S_S147,HM8Inner,16S,H8,Inner,Wood,TSCA,Tsuga canadensis,Eastern hemlock,Forest,147,,,,,,,,missing_from_SRA,used_in_analysis
HM8Mineral_16S_S150,HM8Mineral,16S,H8,Mineral,Soil,TSCA,Tsuga canadensis,Eastern hemlock,Forest,150,,,,,,,,missing_from_SRA,used_in_analysis
HM8Outer_16S_S153,HM8Outer,16S,H8,Outer,Wood,TSCA,Tsuga canadensis,Eastern hemlock,Forest,153,,,,,,,,missing_from_SRA,used_in_analysis
HMX3Inner_16S_S156,HMX3Inner,16S,HX3,Inner,Wood,TSCA,Tsuga canadensis,Eastern hemlock,Forest,156,,,,,,,,missing_from_SRA,used_in_analysis
HMX3Outer_16S_S159,HMX3Outer,16S,HX3,Outer,Wood,TSCA,Tsuga canadensis,Eastern hemlock,Forest,159,,,,,,,,missing_from_SRA,used_in_analysis
HX2Inner_16S_S374,HX2Inner,16S,HX2,Inner,Wood,TSCA,Tsuga canadensis,Eastern hemlock,Forest,374,SRR37072047,SAMN42321535,SRS27959307,SRX32018510,37304.0,2026-02-04 00:28:52,PAIRED,on_SRA,used_in_analysis
HX2Inner_ITS_S375,HX2Inner,ITS,HX2,Inner,Wood,TSCA,Tsuga canadensis,Eastern hemlock,Forest,375,SRR29444451,SAMN41875493,SRS21660599,SRX24956945,21651.0,2024-06-18 00:32:01,PAIRED,on_SRA,used_in_analysis
HX2Mineral_16S_S376,HX2Mineral,16S,HX2,Mineral,Soil,TSCA,Tsuga canadensis,Eastern hemlock,Forest,376,SRR37072046,SAMN42321537,SRS27959308,SRX32018511,35821.0,2026-02-04 00:20:40,PAIRED,on_SRA,used_in_analysis
HX2Mineral_ITS_S377,HX2Mineral,ITS,HX2,Mineral,Soil,TSCA,Tsuga canadensis,Eastern hemlock,Forest,377,SRR29444449,SAMN41875495,SRS21660601,SRX24956947,50281.0,2024-06-18 00:32:01,PAIRED,on_SRA,used_in_analysis
HX2Organic_16S_S378,HX2Organic,16S,HX2,Organic,Soil,TSCA,Tsuga canadensis,Eastern hemlock,Forest,378,SRR37072044,SAMN42321539,SRS27959310,SRX32018513,27072.0,2026-02-04 00:29:26,PAIRED,on_SRA,used_in_analysis
HX2Organic_ITS_S379,HX2Organic,ITS,HX2,Organic,Soil,TSCA,Tsuga canadensis,Eastern hemlock,Forest,379,SRR29444450,SAMN41875497,SRS21660600,SRX24956946,32479.0,2024-06-18 00:32:01,PAIRED,on_SRA,used_in_analysis
HX2Outer_16S_S380,HX2Outer,16S,HX2,Outer,Wood,TSCA,Tsuga canadensis,Eastern hemlock,Forest,380,SRR37072043,SAMN42321541,SRS27959311,SRX32018514,22760.0,2026-02-04 00:20:37,PAIRED,on_SRA,used_in_analysis
HX2Outer_ITS_S381,HX2Outer,ITS,HX2,Outer,Wood,TSCA,Tsuga canadensis,Eastern hemlock,Forest,381,SRR29444835,SAMN41875499,SRS21660715,SRX24957061,1837.0,2024-06-18 02:52:07,PAIRED,on_SRA,used_in_analysis
HMX3Inner_ITS_S158,HMX3Inner,ITS,HX3,Inner,Wood,TSCA,Tsuga canadensis,Eastern hemlock,Forest,158,,,,,,,,missing_from_SRA,used_in_analysis
HMX3Outer_ITS_S161,HMX3Outer,ITS,HX3,Outer,Wood,TSCA,Tsuga canadensis,Eastern hemlock,Forest,161,,,,,,,,missing_from_SRA,used_in_analysis
HX3Mineral_16S_S382,HX3Mineral,16S,HX3,Mineral,Soil,TSCA,Tsuga canadensis,Eastern hemlock,Forest,382,SRR37072042,SAMN42321543,SRS27959313,SRX32018515,27567.0,2026-02-04 00:29:26,PAIRED,on_SRA,used_in_analysis
HX3Mineral_ITS_S383,HX3Mineral,ITS,HX3,Mineral,Soil,TSCA,Tsuga canadensis,Eastern hemlock,Forest,383,SRR29444834,SAMN41875501,SRS21660716,SRX24957062,55969.0,2024-06-18 02:52:07,PAIRED,on_SRA,used_in_analysis
HX3Organic_16S_S384,HX3Organic,16S,HX3,Organic,Soil,TSCA,Tsuga canadensis,Eastern hemlock,Forest,384,SRR37072041,SAMN42321545,SRS27959312,SRX32018516,26660.0,2026-02-04 00:39:47,PAIRED,on_SRA,used_in_analysis
HX3Organic_ITS_S385,HX3Organic,ITS,HX3,Organic,Soil,TSCA,Tsuga canadensis,Eastern hemlock,Forest,385,SRR29444833,SAMN41875503,SRS21660718,SRX24957063,32433.0,2024-06-19 01:01:52,PAIRED,on_SRA,used_in_analysis
HX4Inner_16S_S386,HX4Inner,16S,HX4,Inner,Wood,TSCA,Tsuga canadensis,Eastern hemlock,Forest,386,SRR37072040,SAMN42321547,SRS27959314,SRX32018517,40637.0,2026-02-04 00:29:26,PAIRED,on_SRA,used_in_analysis
HX4Inner_ITS_S387,HX4Inner,ITS,HX4,Inner,Wood,TSCA,Tsuga canadensis,Eastern hemlock,Forest,387,SRR29444832,SAMN41875505,SRS21660717,SRX24957064,17784.0,2024-06-18 02:52:07,PAIRED,on_SRA,used_in_analysis
HX4Mineral_16S_S388,HX4Mineral,16S,HX4,Mineral,Soil,TSCA,Tsuga canadensis,Eastern hemlock,Forest,388,SRR37072039,SAMN42321549,SRS27959317,SRX32018518,30441.0,2026-02-04 00:29:25,PAIRED,on_SRA,used_in_analysis
HX4Mineral_ITS_S389,HX4Mineral,ITS,HX4,Mineral,Soil,TSCA,Tsuga canadensis,Eastern hemlock,Forest,389,SRR29444831,SAMN41875507,SRS21660719,SRX24957065,40690.0,2024-06-19 01:01:52,PAIRED,on_SRA,used_in_analysis
HX4Organic_16S_S390,HX4Organic,16S,HX4,Organic,Soil,TSCA,Tsuga canadensis,Eastern hemlock,Forest,390,SRR37072038,SAMN42321551,SRS27959316,SRX32018519,33592.0,2026-02-04 00:28:52,PAIRED,on_SRA,used_in_analysis
HX4Organic_ITS_S391,HX4Organic,ITS,HX4,Organic,Soil,TSCA,Tsuga canadensis,Eastern hemlock,Forest,391,SRR29444830,SAMN41875509,SRS21660723,SRX24957066,52980.0,2024-06-18 02:52:07,PAIRED,on_SRA,used_in_analysis
HX4Outer_16S_S392,HX4Outer,16S,HX4,Outer,Wood,TSCA,Tsuga canadensis,Eastern hemlock,Forest,392,SRR37072037,SAMN42321553,SRS27959315,SRX32018520,22047.0,2026-02-04 00:39:47,PAIRED,on_SRA,used_in_analysis
HX4Outer_ITS_S393,HX4Outer,ITS,HX4,Outer,Wood,TSCA,Tsuga canadensis,Eastern hemlock,Forest,393,SRR29444829,SAMN41875511,SRS21660721,SRX24957067,21747.0,2024-06-19 01:01:52,PAIRED,on_SRA,used_in_analysis
HX5Inner_16S_S394,HX5Inner,16S,HX5,Inner,Wood,TSCA,Tsuga canadensis,Eastern hemlock,Forest,394,SRR37072036,SAMN42321555,SRS27959319,SRX32018521,32343.0,2026-02-04 00:39:44,PAIRED,on_SRA,used_in_analysis
HX5Inner_ITS_S395,HX5Inner,ITS,HX5,Inner,Wood,TSCA,Tsuga canadensis,Eastern hemlock,Forest,395,SRR29444828,SAMN41875513,SRS21660720,SRX24957068,28226.0,2024-06-18 02:52:07,PAIRED,on_SRA,used_in_analysis
HX5Outer_16S_S396,HX5Outer,16S,HX5,Outer,Wood,TSCA,Tsuga canadensis,Eastern hemlock,Forest,396,SRR37072035,SAMN42321557,SRS27959320,SRX32018522,16078.0,2026-02-04 00:20:40,PAIRED,on_SRA,used_in_analysis
HX5Outer_ITS_S397,HX5Outer,ITS,HX5,Outer,Wood,TSCA,Tsuga canadensis,Eastern hemlock,Forest,397,SRR29444827,SAMN41875515,SRS21660722,SRX24957069,24333.0,2024-06-19 01:01:53,PAIRED,on_SRA,used_in_analysis
HZ1Inner_16S_S398,HZ1Inner,16S,HZ1,Inner,Wood,TSCA,Tsuga canadensis,Eastern hemlock,Forest,398,SRR37072033,SAMN42321559,SRS27959321,SRX32018524,34272.0,2026-02-04 00:39:47,PAIRED,on_SRA,used_in_analysis
HZ1Inner_ITS_S399,HZ1Inner,ITS,HZ1,Inner,Wood,TSCA,Tsuga canadensis,Eastern hemlock,Forest,399,SRR29444826,SAMN41875517,SRS21660724,SRX24957070,37474.0,2024-06-19 01:01:53,PAIRED,on_SRA,used_in_analysis
HZ1Mineral_16S_S400,HZ1Mineral,16S,HZ1,Mineral,Soil,TSCA,Tsuga canadensis,Eastern hemlock,Forest,400,SRR37072032,SAMN42321561,SRS27959322,SRX32018525,34533.0,2026-02-04 00:39:47,PAIRED,on_SRA,used_in_analysis
HZ1Mineral_ITS_S401,HZ1Mineral,ITS,HZ1,Mineral,Soil,TSCA,Tsuga canadensis,Eastern hemlock,Forest,401,SRR29444824,SAMN41875519,SRS21660727,SRX24957072,47238.0,2024-06-19 01:01:53,PAIRED,on_SRA,used_in_analysis
HZ1Organic_16S_S402,HZ1Organic,16S,HZ1,Organic,Soil,TSCA,Tsuga canadensis,Eastern hemlock,Forest,402,SRR37072031,SAMN42321563,SRS27959323,SRX32018526,24328.0,2026-02-04 00:39:47,PAIRED,on_SRA,used_in_analysis
HZ1Organic_ITS_S403,HZ1Organic,ITS,HZ1,Organic,Soil,TSCA,Tsuga canadensis,Eastern hemlock,Forest,403,SRR29444823,SAMN41875521,SRS21660726,SRX24957073,35515.0,2024-06-18 02:52:07,PAIRED,on_SRA,used_in_analysis
HZ1Outer_16S_S404,HZ1Outer,16S,HZ1,Outer,Wood,TSCA,Tsuga canadensis,Eastern hemlock,Forest,404,SRR37072030,SAMN42321565,SRS27959324,SRX32018527,8033.0,2026-02-04 00:28:53,PAIRED,on_SRA,used_in_analysis
HZ1Outer_ITS_S405,HZ1Outer,ITS,HZ1,Outer,Wood,TSCA,Tsuga canadensis,Eastern hemlock,Forest,405,SRR29444822,SAMN41875523,SRS21660729,SRX24957074,1310.0,2024-06-18 02:52:07,PAIRED,on_SRA,used_in_analysis
ML2Inner_16S_S406,ML2Inner,16S,ML2,Inner,Wood,KALA,Kalmia latifolia,Mountain laurel,Forest,406,SRR37072029,SAMN42321567,SRS27959326,SRX32018528,41002.0,2026-02-04 00:29:26,PAIRED,on_SRA,used_in_analysis
ML2Inner_ITS_S407,ML2Inner,ITS,ML2,Inner,Wood,KALA,Kalmia latifolia,Mountain laurel,Forest,407,SRR29444821,SAMN41875525,SRS21660728,SRX24957075,65753.0,2024-06-18 02:52:07,PAIRED,on_SRA,used_in_analysis
ML2Mineral_16S_S408,ML2Mineral,16S,ML2,Mineral,Soil,KALA,Kalmia latifolia,Mountain laurel,Forest,408,SRR37072028,SAMN42321569,SRS27959327,SRX32018529,33550.0,2026-02-04 00:29:26,PAIRED,on_SRA,used_in_analysis
ML2Mineral_ITS_S409,ML2Mineral,ITS,ML2,Mineral,Soil,KALA,Kalmia latifolia,Mountain laurel,Forest,409,SRR29444820,SAMN41875527,SRS21660730,SRX24957076,48602.0,2024-06-19 01:01:53,PAIRED,on_SRA,used_in_analysis
ML2Organic_16S_S410,ML2Organic,16S,ML2,Organic,Soil,KALA,Kalmia latifolia,Mountain laurel,Forest,410,SRR37072027,SAMN42321571,SRS27959325,SRX32018530,46469.0,2026-02-04 00:29:26,PAIRED,on_SRA,used_in_analysis
ML2Organic_ITS_S411,ML2Organic,ITS,ML2,Organic,Soil,KALA,Kalmia latifolia,Mountain laurel,Forest,411,SRR29444819,SAMN41875529,SRS21660731,SRX24957077,64660.0,2024-06-18 02:52:07,PAIRED,on_SRA,used_in_analysis
ML2Outer_16S_S412,ML2Outer,16S,ML2,Outer,Wood,KALA,Kalmia latifolia,Mountain laurel,Forest,412,SRR37072026,SAMN42321573,SRS27959329,SRX32018531,32331.0,2026-02-04 00:20:37,PAIRED,on_SRA,used_in_analysis
ML2Outer_ITS_S413,ML2Outer,ITS,ML2,Outer,Wood,KALA,Kalmia latifolia,Mountain laurel,Forest,413,SRR29444818,SAMN41875531,SRS21660732,SRX24957078,50135.0,2024-06-19 01:01:53,PAIRED,on_SRA,used_in_analysis
MLGPInner_16S_S414,MLGPInner,16S,MLGP,Inner,Wood,KALA,Kalmia latifolia,Mountain laurel,Forest,414,SRR37072025,SAMN42321575,SRS27959328,SRX32018532,34782.0,2026-02-04 00:22:40,PAIRED,on_SRA,used_in_analysis
MLGPInner_ITS_S415,MLGPInner,ITS,MLGP,Inner,Wood,KALA,Kalmia latifolia,Mountain laurel,Forest,415,SRR29444817,SAMN41875533,SRS21660733,SRX24957079,25420.0,2024-06-18 02:52:07,PAIRED,on_SRA,used_in_analysis
MLGPMineral_16S_S416,MLGPMineral,16S,MLGP,Mineral,Soil,KALA,Kalmia latifolia,Mountain laurel,Forest,416,SRR37072024,SAMN42321577,SRS27959330,SRX32018533,40691.0,2026-02-04 00:39:47,PAIRED,on_SRA,used_in_analysis
MLGPMineral_ITS_S417,MLGPMineral,ITS,MLGP,Mineral,Soil,KALA,Kalmia latifolia,Mountain laurel,Forest,417,SRR29444816,SAMN41875535,SRS21660734,SRX24957080,54291.0,2024-06-18 02:52:07,PAIRED,on_SRA,used_in_analysis
MLGPOrganic_16S_S418,MLGPOrganic,16S,MLGP,Organic,Soil,KALA,Kalmia latifolia,Mountain laurel,Forest,418,SRR37071770,SAMN42321579,SRS27959082,SRX32018284,38606.0,2026-02-04 00:19:04,PAIRED,on_SRA,used_in_analysis
MLGPOrganic_ITS_S419,MLGPOrganic,ITS,MLGP,Organic,Soil,KALA,Kalmia latifolia,Mountain laurel,Forest,419,SRR29444815,SAMN41875537,SRS21660737,SRX24957081,71659.0,2024-06-19 01:01:53,PAIRED,on_SRA,used_in_analysis
MLGPOuter_16S_S420,MLGPOuter,16S,MLGP,Outer,Wood,KALA,Kalmia latifolia,Mountain laurel,Forest,420,SRR37071769,SAMN42321581,SRS27959081,SRX32018285,28626.0,2026-02-04 00:11:10,PAIRED,on_SRA,used_in_analysis
MLGPOuter_ITS_S421,MLGPOuter,ITS,MLGP,Outer,Wood,KALA,Kalmia latifolia,Mountain laurel,Forest,421,SRR29444813,SAMN41875539,SRS21660735,SRX24957083,25020.0,2024-06-19 01:01:53,PAIRED,on_SRA,used_in_analysis
PB1Inner_16S_S422,PB1Inner,16S,PB1,Inner,Wood,BEPA,Betula papyrifera,Paper birch,Forest,422,SRR37071768,SAMN42321583,SRS27959083,SRX32018286,24359.0,2026-02-04 00:39:45,PAIRED,on_SRA,used_in_analysis
PB1Inner_ITS_S423,PB1Inner,ITS,PB1,Inner,Wood,BEPA,Betula papyrifera,Paper birch,Forest,423,SRR29444812,SAMN41875541,SRS21660738,SRX24957084,22776.0,2024-06-19 01:01:53,PAIRED,on_SRA,used_in_analysis
PB1Mineral_16S_S424,PB1Mineral,16S,PB1,Mineral,Soil,BEPA,Betula papyrifera,Paper birch,Forest,424,SRR37071767,SAMN42321585,SRS27959085,SRX32018287,37289.0,2026-02-04 00:11:09,PAIRED,on_SRA,used_in_analysis
PB1Mineral_ITS_S425,PB1Mineral,ITS,PB1,Mineral,Soil,BEPA,Betula papyrifera,Paper birch,Forest,425,SRR29444811,SAMN41875543,SRS21660739,SRX24957085,36353.0,2024-06-19 01:01:53,PAIRED,on_SRA,used_in_analysis
PB1Organic_16S_S426,PB1Organic,16S,PB1,Organic,Soil,BEPA,Betula papyrifera,Paper birch,Forest,426,SRR37071766,SAMN42321587,SRS27959084,SRX32018288,45538.0,2026-02-04 00:20:38,PAIRED,on_SRA,used_in_analysis
PB1Organic_ITS_S427,PB1Organic,ITS,PB1,Organic,Soil,BEPA,Betula papyrifera,Paper birch,Forest,427,SRR29444810,SAMN41875545,SRS21660740,SRX24957086,44298.0,2024-06-19 01:01:53,PAIRED,on_SRA,used_in_analysis
PB1Outer_16S_S428,PB1Outer,16S,PB1,Outer,Wood,BEPA,Betula papyrifera,Paper birch,Forest,428,SRR37071765,SAMN42321589,SRS27959086,SRX32018289,48477.0,2026-02-04 00:20:38,PAIRED,on_SRA,used_in_analysis
PB1Outer_ITS_S429,PB1Outer,ITS,PB1,Outer,Wood,BEPA,Betula papyrifera,Paper birch,Forest,429,SRR29444809,SAMN41875547,SRS21660741,SRX24957087,58628.0,2024-06-19 01:01:53,PAIRED,on_SRA,used_in_analysis
PB2Inner_16S_S430,PB2Inner,16S,PB2,Inner,Wood,BEPA,Betula papyrifera,Paper birch,Forest,430,SRR37071764,SAMN42321591,SRS27959087,SRX32018290,33495.0,2026-02-04 00:20:38,PAIRED,on_SRA,used_in_analysis
PB2Inner_ITS_S431,PB2Inner,ITS,PB2,Inner,Wood,BEPA,Betula papyrifera,Paper birch,Forest,431,SRR29444808,SAMN41875549,SRS21660742,SRX24957088,49124.0,2024-06-19 01:01:53,PAIRED,on_SRA,used_in_analysis
PB2Mineral_16S_S432,PB2Mineral,16S,PB2,Mineral,Soil,BEPA,Betula papyrifera,Paper birch,Forest,432,SRR37071763,SAMN42321593,SRS27959088,SRX32018291,31709.0,2026-02-04 00:20:38,PAIRED,on_SRA,used_in_analysis
PB2Mineral_ITS_S433,PB2Mineral,ITS,PB2,Mineral,Soil,BEPA,Betula papyrifera,Paper birch,Forest,433,SRR29444559,SAMN41875551,SRS21660493,SRX24956837,34022.0,2024-06-19 01:01:45,PAIRED,on_SRA,used_in_analysis
PB2Organic_16S_S434,PB2Organic,16S,PB2,Organic,Soil,BEPA,Betula papyrifera,Paper birch,Forest,434,SRR37071762,SAMN42321595,SRS27959089,SRX32018292,39110.0,2026-02-04 00:10:54,PAIRED,on_SRA,used_in_analysis
PB2Organic_ITS_S435,PB2Organic,ITS,PB2,Organic,Soil,BEPA,Betula papyrifera,Paper birch,Forest,435,SRR29444558,SAMN41875553,SRS21660492,SRX24956838,57553.0,2024-06-19 01:01:45,PAIRED,on_SRA,used_in_analysis
PB2Outer_16S_S436,PB2Outer,16S,PB2,Outer,Wood,BEPA,Betula papyrifera,Paper birch,Forest,436,SRR37071761,SAMN42321597,SRS27959090,SRX32018293,28474.0,2026-02-06 07:39:49,PAIRED,on_SRA,used_in_analysis
PB2Outer_ITS_S437,PB2Outer,ITS,PB2,Outer,Wood,BEPA,Betula papyrifera,Paper birch,Forest,437,SRR29444557,SAMN41875555,SRS21660491,SRX24956839,38065.0,2024-06-18 02:52:03,PAIRED,on_SRA,used_in_analysis
PB3Inner_16S_S438,PB3Inner,16S,PB3,Inner,Wood,BEPA,Betula papyrifera,Paper birch,Forest,438,SRR37071759,SAMN42321599,SRS27959092,SRX32018295,52006.0,2026-02-04 00:39:45,PAIRED,on_SRA,used_in_analysis
PB3Inner_ITS_S439,PB3Inner,ITS,PB3,Inner,Wood,BEPA,Betula papyrifera,Paper birch,Forest,439,SRR29444556,SAMN41875557,SRS21660494,SRX24956840,49186.0,2024-06-19 01:01:46,PAIRED,on_SRA,used_in_analysis
PB3Mineral_16S_S440,PB3Mineral,16S,PB3,Mineral,Soil,BEPA,Betula papyrifera,Paper birch,Forest,440,SRR37071758,SAMN42321601,SRS27959093,SRX32018296,40853.0,2026-02-04 00:10:53,PAIRED,on_SRA,used_in_analysis
PB3Mineral_ITS_S441,PB3Mineral,ITS,PB3,Mineral,Soil,BEPA,Betula papyrifera,Paper birch,Forest,441,SRR29444554,SAMN41875559,SRS21660495,SRX24956842,39003.0,2024-06-19 01:01:46,PAIRED,on_SRA,used_in_analysis
PB3Organic_16S_S442,PB3Organic,16S,PB3,Organic,Soil,BEPA,Betula papyrifera,Paper birch,Forest,442,SRR37071757,SAMN42321603,SRS27959094,SRX32018297,45279.0,2026-02-04 00:39:44,PAIRED,on_SRA,used_in_analysis
PB3Organic_ITS_S443,PB3Organic,ITS,PB3,Organic,Soil,BEPA,Betula papyrifera,Paper birch,Forest,443,SRR29444553,SAMN41875561,SRS21660496,SRX24956843,62630.0,2024-06-18 02:52:03,PAIRED,on_SRA,used_in_analysis
PB3Outer_16S_S444,PB3Outer,16S,PB3,Outer,Wood,BEPA,Betula papyrifera,Paper birch,Forest,444,SRR37071756,SAMN42321605,SRS27959095,SRX32018298,31858.0,2026-02-04 00:39:46,PAIRED,on_SRA,used_in_analysis
PB3Outer_ITS_S445,PB3Outer,ITS,PB3,Outer,Wood,BEPA,Betula papyrifera,Paper birch,Forest,445,SRR29444552,SAMN41875563,SRS21660497,SRX24956844,50772.0,2024-06-19 01:01:46,PAIRED,on_SRA,used_in_analysis
PB4Inner_16S_S446,PB4Inner,16S,PB4,Inner,Wood,BEPA,Betula papyrifera,Paper birch,Forest,446,SRR37071755,SAMN42321607,SRS27959096,SRX32018299,45872.0,2026-02-04 00:39:46,PAIRED,on_SRA,used_in_analysis
PB4Inner_ITS_S447,PB4Inner,ITS,PB4,Inner,Wood,BEPA,Betula papyrifera,Paper birch,Forest,447,SRR29444550,SAMN41875565,SRS21660498,SRX24956846,45504.0,2024-06-18 02:52:03,PAIRED,on_SRA,used_in_analysis
PB4Mineral_16S_S448,PB4Mineral,16S,PB4,Mineral,Soil,BEPA,Betula papyrifera,Paper birch,Forest,448,SRR37071754,SAMN42321609,SRS27959097,SRX32018300,34683.0,2026-02-03 23:59:22,PAIRED,on_SRA,used_in_analysis
PB4Mineral_ITS_S449,PB4Mineral,ITS,PB4,Mineral,Soil,BEPA,Betula papyrifera,Paper birch,Forest,449,SRR29444551,SAMN41875567,SRS21660500,SRX24956845,47583.0,2024-06-18 02:52:03,PAIRED,on_SRA,used_in_analysis
PB4Organic_16S_S450,PB4Organic,16S,PB4,Organic,Soil,BEPA,Betula papyrifera,Paper birch,Forest,450,SRR37071753,SAMN42321611,SRS27959098,SRX32018301,46741.0,2026-02-04 00:22:40,PAIRED,on_SRA,used_in_analysis
PB4Organic_ITS_S451,PB4Organic,ITS,PB4,Organic,Soil,BEPA,Betula papyrifera,Paper birch,Forest,451,SRR29444549,SAMN41875569,SRS21660501,SRX24956847,68516.0,2024-06-18 01:32:25,PAIRED,on_SRA,used_in_analysis
PB4Outer_16S_S452,PB4Outer,16S,PB4,Outer,Wood,BEPA,Betula papyrifera,Paper birch,Forest,452,SRR37071752,SAMN42321613,SRS27959099,SRX32018302,26727.0,2026-02-04 00:11:10,PAIRED,on_SRA,used_in_analysis
PB4Outer_ITS_S453,PB4Outer,ITS,PB4,Outer,Wood,BEPA,Betula papyrifera,Paper birch,Forest,453,SRR29444548,SAMN41875571,SRS21660504,SRX24956848,45484.0,2024-06-19 01:01:46,PAIRED,on_SRA,used_in_analysis
PB5Inner_16S_S462,PB5Inner,16S,PB5,Inner,Wood,BEPA,Betula papyrifera,Paper birch,Forest,462,SRR37071746,SAMN42321623,SRS27959105,SRX32018308,41484.0,2026-02-04 00:11:09,PAIRED,on_SRA,used_in_analysis
PB5Inner_ITS_S463,PB5Inner,ITS,PB5,Inner,Wood,BEPA,Betula papyrifera,Paper birch,Forest,463,SRR29444542,SAMN41875581,SRS21660507,SRX24956854,24943.0,2024-06-19 01:01:46,PAIRED,on_SRA,used_in_analysis
PB5Mineral_16S_S464,PB5Mineral,16S,PB5,Mineral,Soil,BEPA,Betula papyrifera,Paper birch,Forest,464,SRR37071745,SAMN42321625,SRS27959106,SRX32018309,30495.0,2026-02-04 00:20:39,PAIRED,on_SRA,used_in_analysis
PB5Mineral_ITS_S465,PB5Mineral,ITS,PB5,Mineral,Soil,BEPA,Betula papyrifera,Paper birch,Forest,465,SRR29444541,SAMN41875583,SRS21660510,SRX24956855,33069.0,2024-06-19 01:01:46,PAIRED,on_SRA,used_in_analysis
PB5Organic_16S_S466,PB5Organic,16S,PB5,Organic,Soil,BEPA,Betula papyrifera,Paper birch,Forest,466,SRR37071743,SAMN42321627,SRS27959109,SRX32018312,40082.0,2026-02-04 00:28:51,PAIRED,on_SRA,used_in_analysis
PB5Organic_ITS_S467,PB5Organic,ITS,PB5,Organic,Soil,BEPA,Betula papyrifera,Paper birch,Forest,467,SRR29444540,SAMN41875585,SRS21660509,SRX24956856,57824.0,2024-06-18 02:52:03,PAIRED,on_SRA,used_in_analysis
PB5Outer_16S_S468,PB5Outer,16S,PB5,Outer,Wood,BEPA,Betula papyrifera,Paper birch,Forest,468,SRR37071854,SAMN42321629,SRS27958997,SRX32018200,27797.0,2026-02-04 00:10:53,PAIRED,on_SRA,used_in_analysis
PB5Outer_ITS_S469,PB5Outer,ITS,PB5,Outer,Wood,BEPA,Betula papyrifera,Paper birch,Forest,469,SRR29444539,SAMN41875587,SRS21660511,SRX24956857,35812.0,2024-06-19 01:01:46,PAIRED,on_SRA,used_in_analysis
PB501Inner_16S_S454,PB501Inner,16S,PB501,Inner,Wood,BEPA,Betula papyrifera,Paper birch,Forest,454,SRR37071751,SAMN42321615,SRS27959100,SRX32018303,39555.0,2026-02-04 00:20:39,PAIRED,on_SRA,used_in_analysis
PB501Inner_ITS_S455,PB501Inner,ITS,PB501,Inner,Wood,BEPA,Betula papyrifera,Paper birch,Forest,455,SRR29444547,SAMN41875573,SRS21660506,SRX24956849,32878.0,2024-06-18 02:52:03,PAIRED,on_SRA,used_in_analysis
PB501Mineral_16S_S456,PB501Mineral,16S,PB501,Mineral,Soil,BEPA,Betula papyrifera,Paper birch,Forest,456,SRR37071750,SAMN42321617,SRS27959101,SRX32018304,30864.0,2026-02-04 00:20:39,PAIRED,on_SRA,used_in_analysis
PB501Mineral_ITS_S457,PB501Mineral,ITS,PB501,Mineral,Soil,BEPA,Betula papyrifera,Paper birch,Forest,457,SRR29444545,SAMN41875575,SRS21660502,SRX24956851,49903.0,2024-06-19 01:01:46,PAIRED,on_SRA,used_in_analysis
PB501Organic_16S_S458,PB501Organic,16S,PB501,Organic,Soil,BEPA,Betula papyrifera,Paper birch,Forest,458,SRR37071748,SAMN42321619,SRS27959103,SRX32018306,53981.0,2026-02-03 23:46:13,PAIRED,on_SRA,used_in_analysis
PB501Organic_ITS_S459,PB501Organic,ITS,PB501,Organic,Soil,BEPA,Betula papyrifera,Paper birch,Forest,459,SRR29444546,SAMN41875576,SRS21660503,SRX24956850,1632.0,2024-06-18 02:52:03,PAIRED,on_SRA,used_in_analysis
PB501Outer_16S_S460,PB501Outer,16S,PB501,Outer,Wood,BEPA,Betula papyrifera,Paper birch,Forest,460,SRR37071747,SAMN42321621,SRS27959104,SRX32018307,36705.0,2026-02-04 00:29:24,PAIRED,on_SRA,used_in_analysis
PB501Outer_ITS_S461,PB501Outer,ITS,PB501,Outer,Wood,BEPA,Betula papyrifera,Paper birch,Forest,461,SRR29444543,SAMN41875579,SRS21660508,SRX24956853,28278.0,2024-06-18 02:52:03,PAIRED,on_SRA,used_in_analysis
RM1Inner_16S_S602,RM1Inner,16S,RM1,Inner,Wood,ACRU,Acer rubrum,Red maple,Forest,602,SRR37071724,SAMN42321763,SRS27959128,SRX32018331,41451.0,2026-02-04 00:20:38,PAIRED,on_SRA,used_in_analysis
RM1Inner_ITS_S603,RM1Inner,ITS,RM1,Inner,Wood,ACRU,Acer rubrum,Red maple,Forest,603,SRR29444446,SAMN41875601,SRS21660605,SRX24956950,48907.0,2024-06-18 00:32:01,PAIRED,on_SRA,used_in_analysis
RM1Mineral_16S_S604,RM1Mineral,16S,RM1,Mineral,Soil,ACRU,Acer rubrum,Red maple,Forest,604,SRR37071723,SAMN42321765,SRS27959129,SRX32018332,28058.0,2026-02-04 00:11:10,PAIRED,on_SRA,used_in_analysis
RM1Mineral_ITS_S605,RM1Mineral,ITS,RM1,Mineral,Soil,ACRU,Acer rubrum,Red maple,Forest,605,SRR29444445,SAMN41875603,SRS21660604,SRX24956951,19396.0,2024-06-18 00:32:01,PAIRED,on_SRA,used_in_analysis
RM1Organic_16S_S606,RM1Organic,16S,RM1,Organic,Soil,ACRU,Acer rubrum,Red maple,Forest,606,SRR37071722,SAMN42321767,SRS27959130,SRX32018333,32537.0,2026-02-04 00:20:39,PAIRED,on_SRA,used_in_analysis
RM1Organic_ITS_S607,RM1Organic,ITS,RM1,Organic,Soil,ACRU,Acer rubrum,Red maple,Forest,607,SRR29444444,SAMN41875605,SRS21660606,SRX24956952,57317.0,2024-06-18 00:32:01,PAIRED,on_SRA,used_in_analysis
RM1Outer_16S_S608,RM1Outer,16S,RM1,Outer,Wood,ACRU,Acer rubrum,Red maple,Forest,608,SRR37071721,SAMN42321770,SRS27959131,SRX32018334,12967.0,2026-02-04 00:20:36,PAIRED,on_SRA,used_in_analysis
RM1Outer_ITS_S609,RM1Outer,ITS,RM1,Outer,Wood,ACRU,Acer rubrum,Red maple,Forest,609,SRR29444443,SAMN41875607,SRS21660607,SRX24956953,40627.0,2024-06-18 00:32:02,PAIRED,on_SRA,used_in_analysis
RM10BottomMuck_16S_S590,RM10BottomMuck,16S,RM10,BottomMuck,Wetland/Marginal,ACRU,Acer rubrum,Red maple,Forest,590,SRR37071731,SAMN42321751,SRS27959121,SRX32018324,28779.0,2026-02-04 00:20:39,PAIRED,on_SRA,excluded
RM10BottomMuck_ITS_S591,RM10BottomMuck,ITS,RM10,BottomMuck,Wetland/Marginal,ACRU,Acer rubrum,Red maple,Forest,591,SRR29444538,SAMN41875589,SRS21660512,SRX24956858,15572.0,2024-06-19 01:01:46,PAIRED,on_SRA,excluded
RM10Inner_16S_S592,RM10Inner,16S,RM10,Inner,Wood,ACRU,Acer rubrum,Red maple,Forest,592,SRR37071730,SAMN42321753,SRS27959122,SRX32018325,22514.0,2026-02-04 00:22:39,PAIRED,on_SRA,used_in_analysis
RM10Inner_ITS_S593,RM10Inner,ITS,RM10,Inner,Wood,ACRU,Acer rubrum,Red maple,Forest,593,SRR29444537,SAMN41875591,SRS21660514,SRX24956859,33560.0,2024-06-19 01:01:46,PAIRED,on_SRA,used_in_analysis
RM10Outer_16S_S594,RM10Outer,16S,RM10,Outer,Wood,ACRU,Acer rubrum,Red maple,Forest,594,SRR37071729,SAMN42321755,SRS27959123,SRX32018326,33784.0,2026-02-04 00:29:25,PAIRED,on_SRA,used_in_analysis
RM10Outer_ITS_S595,RM10Outer,ITS,RM10,Outer,Wood,ACRU,Acer rubrum,Red maple,Forest,595,SRR29444536,SAMN41875593,SRS21660513,SRX24956860,45285.0,2024-06-18 02:52:03,PAIRED,on_SRA,used_in_analysis
RM10TopMuck_16S_S596,RM10TopMuck,16S,RM10,TopMuck,Wetland/Marginal,ACRU,Acer rubrum,Red maple,Forest,596,SRR37071728,SAMN42321757,SRS27959124,SRX32018327,20562.0,2026-02-04 00:11:10,PAIRED,on_SRA,excluded
RM10TopMuck_ITS_S597,RM10TopMuck,ITS,RM10,TopMuck,Wetland/Marginal,ACRU,Acer rubrum,Red maple,Forest,597,SRR29444535,SAMN41875595,SRS21660515,SRX24956861,33318.0,2024-06-18 02:52:04,PAIRED,on_SRA,excluded
RM14Inner_16S_S162,RM14Inner,16S,RM14,Inner,Wood,ACRU,Acer rubrum,Red maple,Forest,162,,,,,,,,missing_from_SRA,used_in_analysis
RM14Inner_ITS_S164,RM14Inner,ITS,RM14,Inner,Wood,ACRU,Acer rubrum,Red maple,Forest,164,,,,,,,,missing_from_SRA,used_in_analysis
RM14Mineral_16S_S598,RM14Mineral,16S,RM14,Mineral,Soil,ACRU,Acer rubrum,Red maple,Forest,598,SRR37071726,SAMN42321759,SRS27959126,SRX32018329,30908.0,2026-02-04 00:11:10,PAIRED,on_SRA,used_in_analysis
RM14Mineral_ITS_S599,RM14Mineral,ITS,RM14,Mineral,Soil,ACRU,Acer rubrum,Red maple,Forest,599,SRR29444534,SAMN41875597,SRS21660516,SRX24956862,42578.0,2024-06-19 01:01:46,PAIRED,on_SRA,used_in_analysis
RM14Organic_16S_S600,RM14Organic,16S,RM14,Organic,Soil,ACRU,Acer rubrum,Red maple,Forest,600,SRR37071725,SAMN42321761,SRS27959127,SRX32018330,29337.0,2026-02-04 00:28:52,PAIRED,on_SRA,used_in_analysis
RM14Organic_ITS_S601,RM14Organic,ITS,RM14,Organic,Soil,ACRU,Acer rubrum,Red maple,Forest,601,SRR29444447,SAMN41875599,SRS21660602,SRX24956949,51643.0,2024-06-18 00:32:01,PAIRED,on_SRA,used_in_analysis
RM14Outer_16S_S165,RM14Outer,16S,RM14,Outer,Wood,ACRU,Acer rubrum,Red maple,Forest,165,,,,,,,,missing_from_SRA,used_in_analysis
RM14Outer_ITS_S167,RM14Outer,ITS,RM14,Outer,Wood,ACRU,Acer rubrum,Red maple,Forest,167,,,,,,,,missing_from_SRA,used_in_analysis
RM2Inner_16S_S610,RM2Inner,16S,RM2,Inner,Wood,ACRU,Acer rubrum,Red maple,Forest,610,SRR37071720,SAMN42321771,SRS27959132,SRX32018335,22799.0,2026-02-04 00:11:10,PAIRED,on_SRA,used_in_analysis
RM2Inner_ITS_S611,RM2Inner,ITS,RM2,Inner,Wood,ACRU,Acer rubrum,Red maple,Forest,611,SRR29444442,SAMN41875609,SRS21660609,SRX24956954,41446.0,2024-06-18 00:32:02,PAIRED,on_SRA,used_in_analysis
RM2Mineral_16S_S612,RM2Mineral,16S,RM2,Mineral,Soil,ACRU,Acer rubrum,Red maple,Forest,612,SRR37071911,SAMN42321773,SRS27959133,SRX32018336,27748.0,2026-02-04 00:20:39,PAIRED,on_SRA,used_in_analysis
RM2Mineral_ITS_S613,RM2Mineral,ITS,RM2,Mineral,Soil,ACRU,Acer rubrum,Red maple,Forest,613,SRR29444441,SAMN41875611,SRS21660608,SRX24956955,28447.0,2024-06-18 00:32:02,PAIRED,on_SRA,used_in_analysis
RM2Organic_16S_S614,RM2Organic,16S,RM2,Organic,Soil,ACRU,Acer rubrum,Red maple,Forest,614,SRR37071910,SAMN42321775,SRS27958940,SRX32018144,37856.0,2026-02-04 00:22:39,PAIRED,on_SRA,used_in_analysis
RM2Organic_ITS_S615,RM2Organic,ITS,RM2,Organic,Soil,ACRU,Acer rubrum,Red maple,Forest,615,SRR29444440,SAMN41875613,SRS21660610,SRX24956956,37440.0,2024-06-18 00:32:02,PAIRED,on_SRA,used_in_analysis
RM2Outer_16S_S616,RM2Outer,16S,RM2,Outer,Wood,ACRU,Acer rubrum,Red maple,Forest,616,SRR37071909,SAMN42321777,SRS27958942,SRX32018145,42593.0,2026-02-04 00:39:44,PAIRED,on_SRA,used_in_analysis
RM2Outer_ITS_S617,RM2Outer,ITS,RM2,Outer,Wood,ACRU,Acer rubrum,Red maple,Forest,617,SRR29444439,SAMN41875615,SRS21660611,SRX24956957,43501.0,2024-06-18 00:32:02,PAIRED,on_SRA,used_in_analysis
RM3Inner_16S_S168,RM3Inner,16S,RM3,Inner,Wood,ACRU,Acer rubrum,Red maple,Forest,168,,,,,,,,missing_from_SRA,used_in_analysis
RM3Inner_ITS_S170,RM3Inner,ITS,RM3,Inner,Wood,ACRU,Acer rubrum,Red maple,Forest,170,,,,,,,,missing_from_SRA,used_in_analysis
RM3Mineral_16S_S171,RM3Mineral,16S,RM3,Mineral,Soil,ACRU,Acer rubrum,Red maple,Forest,171,,,,,,,,missing_from_SRA,used_in_analysis
RM3Mineral_ITS_S173,RM3Mineral,ITS,RM3,Mineral,Soil,ACRU,Acer rubrum,Red maple,Forest,173,,,,,,,,missing_from_SRA,used_in_analysis
RM3Organic_16S_S654,RM3Organic,16S,RM3,Organic,Soil,ACRU,Acer rubrum,Red maple,Forest,654,SRR37071888,SAMN42321815,SRS27958963,SRX32018166,31985.0,2026-02-04 00:39:45,PAIRED,on_SRA,used_in_analysis
RM3Organic_ITS_S655,RM3Organic,ITS,RM3,Organic,Soil,ACRU,Acer rubrum,Red maple,Forest,655,SRR29444806,SAMN41875653,SRS21660743,SRX24957090,53907.0,2024-06-19 01:01:53,PAIRED,on_SRA,used_in_analysis
RM3Outer_16S_S174,RM3Outer,16S,RM3,Outer,Wood,ACRU,Acer rubrum,Red maple,Forest,174,,,,,,,,missing_from_SRA,used_in_analysis
RM3Outer_ITS_S176,RM3Outer,ITS,RM3,Outer,Wood,ACRU,Acer rubrum,Red maple,Forest,176,,,,,,,,missing_from_SRA,used_in_analysis
RM301Mineral_16S_S626,RM301Mineral,16S,RM301,Mineral,Soil,ACRU,Acer rubrum,Red maple,Forest,626,SRR37071903,SAMN42321787,SRS27958948,SRX32018151,30044.0,2026-02-04 00:39:45,PAIRED,on_SRA,excluded
RM301Mineral_ITS_S627,RM301Mineral,ITS,RM301,Mineral,Soil,ACRU,Acer rubrum,Red maple,Forest,627,SRR29444433,SAMN41875625,SRS21660617,SRX24956963,39431.0,2024-06-18 00:32:02,PAIRED,on_SRA,excluded
RM301Organic_16S_S628,RM301Organic,16S,RM301,Organic,Soil,ACRU,Acer rubrum,Red maple,Forest,628,SRR37071902,SAMN42321789,SRS27958949,SRX32018152,26541.0,2026-02-04 00:39:45,PAIRED,on_SRA,excluded
RM301Organic_ITS_S629,RM301Organic,ITS,RM301,Organic,Soil,ACRU,Acer rubrum,Red maple,Forest,629,SRR29444432,SAMN41875627,SRS21660618,SRX24956964,42727.0,2024-06-18 00:32:02,PAIRED,on_SRA,excluded
RM301AInner_16S_S618,RM301AInner,16S,RM301A,Inner,Wood,ACRU,Acer rubrum,Red maple,Forest,618,SRR37071907,SAMN42321779,SRS27958944,SRX32018147,24799.0,2026-02-04 00:22:39,PAIRED,on_SRA,used_in_analysis
RM301AInner_ITS_S619,RM301AInner,ITS,RM301A,Inner,Wood,ACRU,Acer rubrum,Red maple,Forest,619,SRR29444438,SAMN41875617,SRS21660613,SRX24956958,38127.0,2024-06-18 01:32:26,PAIRED,on_SRA,used_in_analysis
RM301AOuter_16S_S620,RM301AOuter,16S,RM301A,Outer,Wood,ACRU,Acer rubrum,Red maple,Forest,620,SRR37071906,SAMN42321781,SRS27958945,SRX32018148,40505.0,2026-02-04 00:47:19,PAIRED,on_SRA,used_in_analysis
RM301AOuter_ITS_S621,RM301AOuter,ITS,RM301A,Outer,Wood,ACRU,Acer rubrum,Red maple,Forest,621,SRR29444436,SAMN41875619,SRS21660614,SRX24956960,50798.0,2024-06-18 00:32:02,PAIRED,on_SRA,used_in_analysis
RM301BInner_16S_S622,RM301BInner,16S,RM301B,Inner,Wood,ACRU,Acer rubrum,Red maple,Forest,622,SRR37071905,SAMN42321783,SRS27958946,SRX32018149,34193.0,2026-02-04 00:10:54,PAIRED,on_SRA,used_in_analysis
RM301BInner_ITS_S623,RM301BInner,ITS,RM301B,Inner,Wood,ACRU,Acer rubrum,Red maple,Forest,623,SRR29444435,SAMN41875621,SRS21660615,SRX24956961,69272.0,2024-06-18 00:32:02,PAIRED,on_SRA,used_in_analysis
RM301BOuter_16S_S624,RM301BOuter,16S,RM301B,Outer,Wood,ACRU,Acer rubrum,Red maple,Forest,624,SRR37071904,SAMN42321785,SRS27958947,SRX32018150,40104.0,2026-02-04 00:22:39,PAIRED,on_SRA,used_in_analysis
RM301BOuter_ITS_S625,RM301BOuter,ITS,RM301B,Outer,Wood,ACRU,Acer rubrum,Red maple,Forest,625,SRR29444434,SAMN41875623,SRS21660616,SRX24956962,55099.0,2024-06-18 00:32:02,PAIRED,on_SRA,used_in_analysis
RM302Inner_16S_S630,RM302Inner,16S,RM302,Inner,Wood,ACRU,Acer rubrum,Red maple,Forest,630,SRR37071901,SAMN42321791,SRS27958950,SRX32018153,31892.0,2026-02-04 00:39:44,PAIRED,on_SRA,used_in_analysis
RM302Inner_ITS_S631,RM302Inner,ITS,RM302,Inner,Wood,ACRU,Acer rubrum,Red maple,Forest,631,SRR29444431,SAMN41875629,SRS21660619,SRX24956965,58298.0,2024-06-18 00:32:02,PAIRED,on_SRA,used_in_analysis
RM302Mineral_16S_S632,RM302Mineral,16S,RM302,Mineral,Soil,ACRU,Acer rubrum,Red maple,Forest,632,SRR37071900,SAMN42321793,SRS27958951,SRX32018154,29647.0,2026-02-05 01:11:37,PAIRED,on_SRA,used_in_analysis
RM302Mineral_ITS_S633,RM302Mineral,ITS,RM302,Mineral,Soil,ACRU,Acer rubrum,Red maple,Forest,633,SRR29444430,SAMN41875631,SRS21660623,SRX24956966,43868.0,2024-06-18 00:32:02,PAIRED,on_SRA,used_in_analysis
RM302Organic_16S_S634,RM302Organic,16S,RM302,Organic,Soil,ACRU,Acer rubrum,Red maple,Forest,634,SRR37071899,SAMN42321795,SRS27958952,SRX32018155,36895.0,2026-02-04 00:20:36,PAIRED,on_SRA,used_in_analysis
RM302Organic_ITS_S635,RM302Organic,ITS,RM302,Organic,Soil,ACRU,Acer rubrum,Red maple,Forest,635,SRR29444429,SAMN41875633,SRS21660621,SRX24956967,44747.0,2024-06-18 00:32:02,PAIRED,on_SRA,used_in_analysis
RM302Outer_16S_S636,RM302Outer,16S,RM302,Outer,Wood,ACRU,Acer rubrum,Red maple,Forest,636,SRR37071898,SAMN42321797,SRS27958953,SRX32018156,27094.0,2026-02-04 00:39:47,PAIRED,on_SRA,used_in_analysis
RM302Outer_ITS_S637,RM302Outer,ITS,RM302,Outer,Wood,ACRU,Acer rubrum,Red maple,Forest,637,SRR29444428,SAMN41875635,SRS21660620,SRX24956968,44202.0,2024-06-18 00:32:02,PAIRED,on_SRA,used_in_analysis
RM303Inner_16S_S638,RM303Inner,16S,RM303,Inner,Wood,ACRU,Acer rubrum,Red maple,Forest,638,SRR37071896,SAMN42321799,SRS27958955,SRX32018158,16016.0,2026-02-04 00:20:37,PAIRED,on_SRA,used_in_analysis
RM303Inner_ITS_S639,RM303Inner,ITS,RM303,Inner,Wood,ACRU,Acer rubrum,Red maple,Forest,639,SRR29444427,SAMN41875637,SRS21660622,SRX24956969,41513.0,2024-06-18 00:32:03,PAIRED,on_SRA,used_in_analysis
RM303Mineral_16S_S640,RM303Mineral,16S,RM303,Mineral,Soil,ACRU,Acer rubrum,Red maple,Forest,640,SRR37071895,SAMN42321801,SRS27958956,SRX32018159,19243.0,2026-02-04 00:47:19,PAIRED,on_SRA,used_in_analysis
RM303Mineral_ITS_S641,RM303Mineral,ITS,RM303,Mineral,Soil,ACRU,Acer rubrum,Red maple,Forest,641,SRR29444425,SAMN41875639,SRS21660626,SRX24956971,23993.0,2024-06-18 01:32:26,PAIRED,on_SRA,used_in_analysis
RM303Organic_16S_S642,RM303Organic,16S,RM303,Organic,Soil,ACRU,Acer rubrum,Red maple,Forest,642,SRR37071894,SAMN42321803,SRS27958957,SRX32018160,31555.0,2026-02-04 00:20:37,PAIRED,on_SRA,used_in_analysis
RM303Organic_ITS_S643,RM303Organic,ITS,RM303,Organic,Soil,ACRU,Acer rubrum,Red maple,Forest,643,SRR29444424,SAMN41875641,SRS21660627,SRX24956972,54389.0,2024-06-18 01:32:26,PAIRED,on_SRA,used_in_analysis
RM303Outer_16S_S644,RM303Outer,16S,RM303,Outer,Wood,ACRU,Acer rubrum,Red maple,Forest,644,SRR37071893,SAMN42321805,SRS27958958,SRX32018161,18808.0,2026-02-04 00:20:37,PAIRED,on_SRA,used_in_analysis
RM303Outer_ITS_S645,RM303Outer,ITS,RM303,Outer,Wood,ACRU,Acer rubrum,Red maple,Forest,645,SRR29444423,SAMN41875643,SRS21660625,SRX24956973,36696.0,2024-06-18 00:32:03,PAIRED,on_SRA,used_in_analysis
RM304Inner_16S_S646,RM304Inner,16S,RM304,Inner,Wood,ACRU,Acer rubrum,Red maple,Forest,646,SRR37071892,SAMN42321807,SRS27958959,SRX32018162,21673.0,2026-02-04 00:20:38,PAIRED,on_SRA,used_in_analysis
RM304Inner_ITS_S647,RM304Inner,ITS,RM304,Inner,Wood,ACRU,Acer rubrum,Red maple,Forest,647,SRR29444422,SAMN41875645,SRS21660628,SRX24956974,58739.0,2024-06-18 00:32:03,PAIRED,on_SRA,used_in_analysis
RM304Mineral_16S_S648,RM304Mineral,16S,RM304,Mineral,Soil,ACRU,Acer rubrum,Red maple,Forest,648,SRR37071891,SAMN42321809,SRS27958960,SRX32018163,28788.0,2026-02-04 00:39:45,PAIRED,on_SRA,used_in_analysis
RM304Mineral_ITS_S649,RM304Mineral,ITS,RM304,Mineral,Soil,ACRU,Acer rubrum,Red maple,Forest,649,SRR29444421,SAMN41875647,SRS21660629,SRX24956975,32647.0,2024-06-18 01:32:26,PAIRED,on_SRA,used_in_analysis
RM304Organic_16S_S650,RM304Organic,16S,RM304,Organic,Soil,ACRU,Acer rubrum,Red maple,Forest,650,SRR37071890,SAMN42321811,SRS27958961,SRX32018164,33508.0,2026-02-04 00:22:39,PAIRED,on_SRA,used_in_analysis
RM304Organic_ITS_S651,RM304Organic,ITS,RM304,Organic,Soil,ACRU,Acer rubrum,Red maple,Forest,651,SRR29444420,SAMN41875649,SRS21660630,SRX24956976,50817.0,2024-06-18 00:32:03,PAIRED,on_SRA,used_in_analysis
RM304Outer_16S_S652,RM304Outer,16S,RM304,Outer,Wood,ACRU,Acer rubrum,Red maple,Forest,652,SRR37071889,SAMN42321813,SRS27958962,SRX32018165,25067.0,2026-02-04 00:20:36,PAIRED,on_SRA,used_in_analysis
RM304Outer_ITS_S653,RM304Outer,ITS,RM304,Outer,Wood,ACRU,Acer rubrum,Red maple,Forest,653,SRR29444807,SAMN41875651,SRS21660744,SRX24957089,43556.0,2024-06-18 02:52:08,PAIRED,on_SRA,used_in_analysis
RM4Inner_16S_S656,RM4Inner,16S,RM4,Inner,Wood,ACRU,Acer rubrum,Red maple,Forest,656,SRR37071887,SAMN42321817,SRS27958964,SRX32018167,34264.0,2026-02-04 00:20:37,PAIRED,on_SRA,used_in_analysis
RM4Inner_ITS_S657,RM4Inner,ITS,RM4,Inner,Wood,ACRU,Acer rubrum,Red maple,Forest,657,SRR29444805,SAMN41875655,SRS21660745,SRX24957091,30135.0,2024-06-19 01:01:53,PAIRED,on_SRA,used_in_analysis
RM4Mineral_16S_S658,RM4Mineral,16S,RM4,Mineral,Soil,ACRU,Acer rubrum,Red maple,Forest,658,SRR37071885,SAMN42321819,SRS27958967,SRX32018169,27360.0,2026-02-04 00:22:39,PAIRED,on_SRA,used_in_analysis
RM4Mineral_ITS_S659,RM4Mineral,ITS,RM4,Mineral,Soil,ACRU,Acer rubrum,Red maple,Forest,659,SRR29444804,SAMN41875657,SRS21660746,SRX24957092,29941.0,2024-06-19 01:01:53,PAIRED,on_SRA,used_in_analysis
RM4Organic_16S_S660,RM4Organic,16S,RM4,Organic,Soil,ACRU,Acer rubrum,Red maple,Forest,660,SRR37071884,SAMN42321821,SRS27958966,SRX32018170,30855.0,2026-02-04 00:29:24,PAIRED,on_SRA,used_in_analysis
RM4Organic_ITS_S661,RM4Organic,ITS,RM4,Organic,Soil,ACRU,Acer rubrum,Red maple,Forest,661,SRR29444802,SAMN41875659,SRS21660748,SRX24957094,40279.0,2024-06-19 01:01:54,PAIRED,on_SRA,used_in_analysis
RM4Outer_16S_S662,RM4Outer,16S,RM4,Outer,Wood,ACRU,Acer rubrum,Red maple,Forest,662,SRR37071827,SAMN42321823,SRS27958968,SRX32018171,29303.0,2026-02-04 00:11:10,PAIRED,on_SRA,used_in_analysis
RM4Outer_ITS_S663,RM4Outer,ITS,RM4,Outer,Wood,ACRU,Acer rubrum,Red maple,Forest,663,SRR29444801,SAMN41875661,SRS21660749,SRX24957095,54013.0,2024-06-18 02:52:08,PAIRED,on_SRA,used_in_analysis
RM5Inner_16S_S684,RM5Inner,16S,RM5,Inner,Wood,ACRU,Acer rubrum,Red maple,Forest,684,SRR37071814,SAMN42321845,SRS27959037,SRX32018240,44718.0,2026-02-04 00:28:51,PAIRED,on_SRA,used_in_analysis
RM5Inner_ITS_S685,RM5Inner,ITS,RM5,Inner,Wood,ACRU,Acer rubrum,Red maple,Forest,685,SRR29444789,SAMN41875683,SRS21660759,SRX24957107,71877.0,2024-06-18 02:52:08,PAIRED,on_SRA,used_in_analysis
RM5Mineral_16S_S686,RM5Mineral,16S,RM5,Mineral,Soil,ACRU,Acer rubrum,Red maple,Forest,686,SRR37071813,SAMN42321847,SRS27959038,SRX32018241,33837.0,2026-02-04 00:20:38,PAIRED,on_SRA,used_in_analysis
RM5Mineral_ITS_S687,RM5Mineral,ITS,RM5,Mineral,Soil,ACRU,Acer rubrum,Red maple,Forest,687,SRR29444788,SAMN41875685,SRS21660762,SRX24957108,39845.0,2024-06-18 02:52:08,PAIRED,on_SRA,used_in_analysis
RM5Muck_16S_S688,RM5Muck,16S,RM5,Muck,Wetland/Marginal,ACRU,Acer rubrum,Red maple,Forest,688,SRR37071812,SAMN42321849,SRS27959039,SRX32018242,29507.0,2026-02-04 00:20:38,PAIRED,on_SRA,excluded
RM5Muck_ITS_S689,RM5Muck,ITS,RM5,Muck,Wetland/Marginal,ACRU,Acer rubrum,Red maple,Forest,689,SRR29444787,SAMN41875687,SRS21660765,SRX24957109,40424.0,2024-06-18 02:52:08,PAIRED,on_SRA,excluded
RM5Organic_16S_S690,RM5Organic,16S,RM5,Organic,Soil,ACRU,Acer rubrum,Red maple,Forest,690,SRR37071811,SAMN42321851,SRS27959040,SRX32018243,41433.0,2026-02-04 00:32:36,PAIRED,on_SRA,used_in_analysis
RM5Organic_ITS_S691,RM5Organic,ITS,RM5,Organic,Soil,ACRU,Acer rubrum,Red maple,Forest,691,SRR29444786,SAMN41875689,SRS21660763,SRX24957110,42719.0,2024-06-19 01:01:54,PAIRED,on_SRA,used_in_analysis
RM5Outer_16S_S692,RM5Outer,16S,RM5,Outer,Wood,ACRU,Acer rubrum,Red maple,Forest,692,SRR37071810,SAMN42321853,SRS27959041,SRX32018244,49176.0,2026-02-04 00:28:51,PAIRED,on_SRA,used_in_analysis
RM5Outer_ITS_S693,RM5Outer,ITS,RM5,Outer,Wood,ACRU,Acer rubrum,Red maple,Forest,693,SRR29444785,SAMN41875691,SRS21660764,SRX24957111,37683.0,2024-06-18 01:32:26,PAIRED,on_SRA,used_in_analysis
RM501Inner_16S_S664,RM501Inner,16S,RM501,Inner,Wood,ACRU,Acer rubrum,Red maple,Forest,664,SRR37071826,SAMN42321825,SRS27959025,SRX32018228,31309.0,2026-02-04 00:28:52,PAIRED,on_SRA,used_in_analysis
RM501Inner_ITS_S665,RM501Inner,ITS,RM501,Inner,Wood,ACRU,Acer rubrum,Red maple,Forest,665,SRR29444800,SAMN41875663,SRS21660750,SRX24957096,74892.0,2024-06-19 01:01:54,PAIRED,on_SRA,used_in_analysis
RM501Mineral_16S_S666,RM501Mineral,16S,RM501,Mineral,Soil,ACRU,Acer rubrum,Red maple,Forest,666,SRR37071825,SAMN42321827,SRS27959026,SRX32018229,26280.0,2026-02-06 07:39:49,PAIRED,on_SRA,used_in_analysis
RM501Mineral_ITS_S667,RM501Mineral,ITS,RM501,Mineral,Soil,ACRU,Acer rubrum,Red maple,Forest,667,SRR29444799,SAMN41875665,SRS21660752,SRX24957097,42233.0,2024-06-18 02:52:08,PAIRED,on_SRA,used_in_analysis
RM501Organic_16S_S668,RM501Organic,16S,RM501,Organic,Soil,ACRU,Acer rubrum,Red maple,Forest,668,SRR37071823,SAMN42321829,SRS27959028,SRX32018231,30254.0,2026-02-04 00:40:19,PAIRED,on_SRA,used_in_analysis
RM501Organic_ITS_S669,RM501Organic,ITS,RM501,Organic,Soil,ACRU,Acer rubrum,Red maple,Forest,669,SRR29444798,SAMN41875667,SRS21660751,SRX24957098,57766.0,2024-06-18 02:52:08,PAIRED,on_SRA,used_in_analysis
RM501Outer_16S_S670,RM501Outer,16S,RM501,Outer,Wood,ACRU,Acer rubrum,Red maple,Forest,670,SRR37071822,SAMN42321831,SRS27959029,SRX32018232,36226.0,2026-02-04 00:28:51,PAIRED,on_SRA,used_in_analysis
RM501Outer_ITS_S671,RM501Outer,ITS,RM501,Outer,Wood,ACRU,Acer rubrum,Red maple,Forest,671,SRR29444797,SAMN41875669,SRS21660755,SRX24957099,60065.0,2024-06-18 02:52:08,PAIRED,on_SRA,used_in_analysis
RM502Inner_16S_S672,RM502Inner,16S,RM502,Inner,Wood,ACRU,Acer rubrum,Red maple,Forest,672,SRR37071821,SAMN42321833,SRS27959031,SRX32018233,34803.0,2026-02-04 00:11:09,PAIRED,on_SRA,used_in_analysis
RM502Inner_ITS_S673,RM502Inner,ITS,RM502,Inner,Wood,ACRU,Acer rubrum,Red maple,Forest,673,SRR29444796,SAMN41875671,SRS21660753,SRX24957100,267.0,2024-06-18 02:52:08,PAIRED,on_SRA,used_in_analysis
RM502Mineral_16S_S674,RM502Mineral,16S,RM502,Mineral,Soil,ACRU,Acer rubrum,Red maple,Forest,674,SRR37071820,SAMN42321835,SRS27959030,SRX32018234,32419.0,2026-02-04 00:20:38,PAIRED,on_SRA,used_in_analysis
RM502Mineral_ITS_S675,RM502Mineral,ITS,RM502,Mineral,Soil,ACRU,Acer rubrum,Red maple,Forest,675,SRR29444795,SAMN41875673,SRS21660756,SRX24957101,37532.0,2024-06-19 01:01:54,PAIRED,on_SRA,used_in_analysis
RM502Organic_16S_S676,RM502Organic,16S,RM502,Organic,Soil,ACRU,Acer rubrum,Red maple,Forest,676,SRR37071819,SAMN42321837,SRS27959032,SRX32018235,31621.0,2026-02-04 00:10:54,PAIRED,on_SRA,used_in_analysis
RM502Organic_ITS_S677,RM502Organic,ITS,RM502,Organic,Soil,ACRU,Acer rubrum,Red maple,Forest,677,SRR29444794,SAMN41875675,SRS21660754,SRX24957102,42853.0,2024-06-18 02:52:08,PAIRED,on_SRA,used_in_analysis
RM502Outer_16S_S678,RM502Outer,16S,RM502,Outer,Wood,ACRU,Acer rubrum,Red maple,Forest,678,SRR37071817,SAMN42321839,SRS27959034,SRX32018237,34502.0,2026-02-04 00:29:25,PAIRED,on_SRA,used_in_analysis
RM502Outer_ITS_S679,RM502Outer,ITS,RM502,Outer,Wood,ACRU,Acer rubrum,Red maple,Forest,679,SRR29444793,SAMN41875677,SRS21660757,SRX24957103,34204.0,2024-06-19 01:01:54,PAIRED,on_SRA,used_in_analysis
RM503Inner_16S_S177,RM503Inner,16S,RM503,Inner,Wood,ACRU,Acer rubrum,Red maple,Forest,177,,,,,,,,missing_from_SRA,used_in_analysis
RM503Inner_ITS_S179,RM503Inner,ITS,RM503,Inner,Wood,ACRU,Acer rubrum,Red maple,Forest,179,,,,,,,,missing_from_SRA,used_in_analysis
RM503Mineral_16S_S680,RM503Mineral,16S,RM503,Mineral,Soil,ACRU,Acer rubrum,Red maple,Forest,680,SRR37071816,SAMN42321841,SRS27959035,SRX32018238,21967.0,2026-02-04 00:29:25,PAIRED,on_SRA,used_in_analysis
RM503Mineral_ITS_S681,RM503Mineral,ITS,RM503,Mineral,Soil,ACRU,Acer rubrum,Red maple,Forest,681,SRR29444791,SAMN41875679,SRS21660760,SRX24957105,43459.0,2024-06-19 01:01:54,PAIRED,on_SRA,used_in_analysis
RM503Organic_16S_S682,RM503Organic,16S,RM503,Organic,Soil,ACRU,Acer rubrum,Red maple,Forest,682,SRR37071815,SAMN42321843,SRS27959036,SRX32018239,45214.0,2026-02-04 00:39:44,PAIRED,on_SRA,used_in_analysis
RM503Organic_ITS_S683,RM503Organic,ITS,RM503,Organic,Soil,ACRU,Acer rubrum,Red maple,Forest,683,SRR29444790,SAMN41875681,SRS21660761,SRX24957106,53252.0,2024-06-18 02:52:08,PAIRED,on_SRA,used_in_analysis
RM503Outer_16S_S180,RM503Outer,16S,RM503,Outer,Wood,ACRU,Acer rubrum,Red maple,Forest,180,,,,,,,,missing_from_SRA,used_in_analysis
RM503Outer_ITS_S182,RM503Outer,ITS,RM503,Outer,Wood,ACRU,Acer rubrum,Red maple,Forest,182,,,,,,,,missing_from_SRA,used_in_analysis
RMS1Aquatic_16S_S694,RMS1Aquatic,16S,RMS1,Aquatic,Wetland/Marginal,ACRU,Acer rubrum,Red maple,Forest,694,SRR37071809,SAMN42321855,SRS27959042,SRX32018245,33372.0,2026-02-04 00:28:52,PAIRED,on_SRA,excluded
RMS1Aquatic_ITS_S695,RMS1Aquatic,ITS,RMS1,Aquatic,Wetland/Marginal,ACRU,Acer rubrum,Red maple,Forest,695,SRR29444784,SAMN41875693,SRS21660766,SRX24957112,20360.0,2024-06-19 01:01:54,PAIRED,on_SRA,excluded
RMS1Mineral_16S_S696,RMS1Mineral,16S,RMS1,Mineral,Soil,ACRU,Acer rubrum,Red maple,Forest,696,SRR37071808,SAMN42321857,SRS27959043,SRX32018246,18625.0,2026-02-06 07:39:49,PAIRED,on_SRA,used_in_analysis
RMS1Mineral_ITS_S697,RMS1Mineral,ITS,RMS1,Mineral,Soil,ACRU,Acer rubrum,Red maple,Forest,697,SRR29444783,SAMN41875695,SRS21660767,SRX24957113,43125.0,2024-06-19 01:01:54,PAIRED,on_SRA,used_in_analysis
RMS1Organic_16S_S698,RMS1Organic,16S,RMS1,Organic,Soil,ACRU,Acer rubrum,Red maple,Forest,698,SRR37071806,SAMN42321859,SRS27959045,SRX32018248,34417.0,2026-02-04 00:39:45,PAIRED,on_SRA,used_in_analysis
RMS1Organic_ITS_S699,RMS1Organic,ITS,RMS1,Organic,Soil,ACRU,Acer rubrum,Red maple,Forest,699,SRR29444782,SAMN41875697,SRS21660769,SRX24957114,37606.0,2024-06-19 01:01:54,PAIRED,on_SRA,used_in_analysis
RMS1Outer_16S_S700,RMS1Outer,16S,RMS1,Outer,Wood,ACRU,Acer rubrum,Red maple,Forest,700,SRR37071805,SAMN42321861,SRS27959046,SRX32018249,29160.0,2026-02-04 00:20:38,PAIRED,on_SRA,used_in_analysis
RMS1Outer_ITS_S701,RMS1Outer,ITS,RMS1,Outer,Wood,ACRU,Acer rubrum,Red maple,Forest,701,SRR29444780,SAMN41875699,SRS21660768,SRX24957116,53558.0,2024-06-19 01:01:54,PAIRED,on_SRA,used_in_analysis
RO1Inner_16S_S758,RO1Inner,16S,RO1,Inner,Wood,QURU,Quercus rubra,Northern red oak,Forest,758,SRR37071969,SAMN42321919,SRS27959384,SRX32018587,28283.0,2026-02-04 00:29:26,PAIRED,on_SRA,used_in_analysis
RO1Inner_ITS_S759,RO1Inner,ITS,RO1,Inner,Wood,QURU,Quercus rubra,Northern red oak,Forest,759,SRR29444530,SAMN41875756,SRS21660519,SRX24956866,1712.0,2024-06-19 01:01:47,PAIRED,on_SRA,used_in_analysis
RO1Mineral_16S_S760,RO1Mineral,16S,RO1,Mineral,Soil,QURU,Quercus rubra,Northern red oak,Forest,760,SRR37071968,SAMN42321921,SRS27959385,SRX32018588,30685.0,2026-02-04 00:28:52,PAIRED,on_SRA,used_in_analysis
RO1Mineral_ITS_S761,RO1Mineral,ITS,RO1,Mineral,Soil,QURU,Quercus rubra,Northern red oak,Forest,761,SRR29444527,SAMN41875759,SRS21660524,SRX24956869,53649.0,2024-06-18 02:52:04,PAIRED,on_SRA,used_in_analysis
RO1Organic_16S_S762,RO1Organic,16S,RO1,Organic,Soil,QURU,Quercus rubra,Northern red oak,Forest,762,SRR37071719,SAMN42321923,SRS27959386,SRX32018589,41292.0,2026-02-04 00:20:40,PAIRED,on_SRA,used_in_analysis
RO1Organic_ITS_S763,RO1Organic,ITS,RO1,Organic,Soil,QURU,Quercus rubra,Northern red oak,Forest,763,SRR29444526,SAMN41875761,SRS21660523,SRX24956870,36777.0,2024-06-18 02:52:04,PAIRED,on_SRA,used_in_analysis
RO1Outer_16S_S764,RO1Outer,16S,RO1,Outer,Wood,QURU,Quercus rubra,Northern red oak,Forest,764,SRR37071718,SAMN42321925,SRS27959134,SRX32018337,37196.0,2026-02-04 00:39:44,PAIRED,on_SRA,used_in_analysis
RO1Outer_ITS_S765,RO1Outer,ITS,RO1,Outer,Wood,QURU,Quercus rubra,Northern red oak,Forest,765,SRR29444525,SAMN41875763,SRS21660525,SRX24956871,50098.0,2024-06-18 02:52:04,PAIRED,on_SRA,used_in_analysis
RO10Inner_16S_S736,RO10Inner,16S,RO10,Inner,Wood,QURU,Quercus rubra,Northern red oak,Forest,736,SRR37071982,SAMN42321897,SRS27959372,SRX32018574,40339.0,2026-02-04 00:19:03,PAIRED,on_SRA,used_in_analysis
RO10Inner_ITS_S737,RO10Inner,ITS,RO10,Inner,Wood,QURU,Quercus rubra,Northern red oak,Forest,737,SRR29444677,SAMN41875735,SRS21660873,SRX24957219,3078.0,2024-06-18 01:10:04,PAIRED,on_SRA,used_in_analysis
RO10Mineral_16S_S738,RO10Mineral,16S,RO10,Mineral,Soil,QURU,Quercus rubra,Northern red oak,Forest,738,SRR37071980,SAMN42321899,SRS27959373,SRX32018576,21609.0,2026-02-04 00:22:40,PAIRED,on_SRA,used_in_analysis
RO10Mineral_ITS_S739,RO10Mineral,ITS,RO10,Mineral,Soil,QURU,Quercus rubra,Northern red oak,Forest,739,SRR29444676,SAMN41875737,SRS21660875,SRX24957220,56343.0,2024-06-18 01:10:04,PAIRED,on_SRA,used_in_analysis
RO10Organic_16S_S740,RO10Organic,16S,RO10,Organic,Soil,QURU,Quercus rubra,Northern red oak,Forest,740,SRR37071979,SAMN42321901,SRS27959374,SRX32018577,44830.0,2026-02-04 00:29:26,PAIRED,on_SRA,used_in_analysis
RO10Organic_ITS_S741,RO10Organic,ITS,RO10,Organic,Soil,QURU,Quercus rubra,Northern red oak,Forest,741,SRR29444673,SAMN41875739,SRS21660877,SRX24957223,65740.0,2024-06-18 01:32:29,PAIRED,on_SRA,used_in_analysis
RO10Outer_16S_S742,RO10Outer,16S,RO10,Outer,Wood,QURU,Quercus rubra,Northern red oak,Forest,742,SRR37071978,SAMN42321903,SRS27959375,SRX32018578,22427.0,2026-02-04 00:20:37,PAIRED,on_SRA,used_in_analysis
RO10Outer_ITS_S743,RO10Outer,ITS,RO10,Outer,Wood,QURU,Quercus rubra,Northern red oak,Forest,743,SRR29444674,SAMN41875741,SRS21660874,SRX24957222,47857.0,2024-06-18 01:32:29,PAIRED,on_SRA,used_in_analysis
RO101Inner_16S_S702,RO101Inner,16S,RO101,Inner,Wood,QURU,Quercus rubra,Northern red oak,Forest,702,SRR37071804,SAMN42321863,SRS27959047,SRX32018250,26449.0,2026-02-04 00:20:38,PAIRED,on_SRA,used_in_analysis
RO101Inner_ITS_S703,RO101Inner,ITS,RO101,Inner,Wood,QURU,Quercus rubra,Northern red oak,Forest,703,SRR29444695,SAMN41875700,SRS21660856,SRX24957201,129.0,2024-06-18 01:32:28,PAIRED,on_SRA,used_in_analysis
RO101Mineral_16S_S704,RO101Mineral,16S,RO101,Mineral,Soil,QURU,Quercus rubra,Northern red oak,Forest,704,SRR37071803,SAMN42321865,SRS27959048,SRX32018251,26029.0,2026-02-04 00:20:38,PAIRED,on_SRA,used_in_analysis
RO101Mineral_ITS_S705,RO101Mineral,ITS,RO101,Mineral,Soil,QURU,Quercus rubra,Northern red oak,Forest,705,SRR29444694,SAMN41875703,SRS21660855,SRX24957202,43718.0,2024-06-18 01:32:28,PAIRED,on_SRA,used_in_analysis
RO101Organic_16S_S706,RO101Organic,16S,RO101,Organic,Soil,QURU,Quercus rubra,Northern red oak,Forest,706,SRR37071802,SAMN42321867,SRS27959049,SRX32018252,44826.0,2026-02-04 00:22:39,PAIRED,on_SRA,used_in_analysis
RO101Organic_ITS_S707,RO101Organic,ITS,RO101,Organic,Soil,QURU,Quercus rubra,Northern red oak,Forest,707,SRR29444693,SAMN41875705,SRS21660858,SRX24957203,59592.0,2024-06-18 01:10:04,PAIRED,on_SRA,used_in_analysis
RO101Outer_16S_S708,RO101Outer,16S,RO101,Outer,Wood,QURU,Quercus rubra,Northern red oak,Forest,708,SRR37071801,SAMN42321869,SRS27959050,SRX32018253,21123.0,2026-02-04 00:10:54,PAIRED,on_SRA,used_in_analysis
RO101Outer_ITS_S709,RO101Outer,ITS,RO101,Outer,Wood,QURU,Quercus rubra,Northern red oak,Forest,709,SRR29444692,SAMN41875707,SRS21660860,SRX24957204,31985.0,2024-06-18 01:10:04,PAIRED,on_SRA,used_in_analysis
RO102Inner_16S_S183,RO102Inner,16S,RO102,Inner,Wood,QURU,Quercus rubra,Northern red oak,Forest,183,,,,,,,,missing_from_SRA,used_in_analysis
RO102Inner_ITS_S185,RO102Inner,ITS,RO102,Inner,Wood,QURU,Quercus rubra,Northern red oak,Forest,185,,,,,,,,missing_from_SRA,used_in_analysis
RO102Mineral_16S_S710,RO102Mineral,16S,RO102,Mineral,Soil,QURU,Quercus rubra,Northern red oak,Forest,710,SRR37071800,SAMN42321871,SRS27959051,SRX32018254,31114.0,2026-02-04 00:20:40,PAIRED,on_SRA,used_in_analysis
RO102Mineral_ITS_S711,RO102Mineral,ITS,RO102,Mineral,Soil,QURU,Quercus rubra,Northern red oak,Forest,711,SRR29444691,SAMN41875709,SRS21660857,SRX24957205,53830.0,2024-06-18 01:32:28,PAIRED,on_SRA,used_in_analysis
RO102Organic_16S_S712,RO102Organic,16S,RO102,Organic,Soil,QURU,Quercus rubra,Northern red oak,Forest,712,SRR37071996,SAMN42321873,SRS27959053,SRX32018256,49418.0,2026-02-04 00:29:25,PAIRED,on_SRA,used_in_analysis
RO102Organic_ITS_S713,RO102Organic,ITS,RO102,Organic,Soil,QURU,Quercus rubra,Northern red oak,Forest,713,SRR29444690,SAMN41875711,SRS21660859,SRX24957206,68764.0,2024-06-18 01:10:04,PAIRED,on_SRA,used_in_analysis
RO102Outer_16S_S186,RO102Outer,16S,RO102,Outer,Wood,QURU,Quercus rubra,Northern red oak,Forest,186,,,,,,,,missing_from_SRA,used_in_analysis
RO102Outer_ITS_S188,RO102Outer,ITS,RO102,Outer,Wood,QURU,Quercus rubra,Northern red oak,Forest,188,,,,,,,,missing_from_SRA,used_in_analysis
RO103Inner_16S_S714,RO103Inner,16S,RO103,Inner,Wood,QURU,Quercus rubra,Northern red oak,Forest,714,SRR37071994,SAMN42321875,SRS27959359,SRX32018562,26975.0,2026-02-04 00:39:44,PAIRED,on_SRA,used_in_analysis
RO103Inner_ITS_S715,RO103Inner,ITS,RO103,Inner,Wood,QURU,Quercus rubra,Northern red oak,Forest,715,SRR29444689,SAMN41875713,SRS21660861,SRX24957207,15863.0,2024-06-18 01:10:04,PAIRED,on_SRA,used_in_analysis
RO103Mineral_16S_S716,RO103Mineral,16S,RO103,Mineral,Soil,QURU,Quercus rubra,Northern red oak,Forest,716,SRR37071993,SAMN42321877,SRS27959360,SRX32018563,26116.0,2026-02-04 00:19:03,PAIRED,on_SRA,used_in_analysis
RO103Mineral_ITS_S717,RO103Mineral,ITS,RO103,Mineral,Soil,QURU,Quercus rubra,Northern red oak,Forest,717,SRR29444688,SAMN41875715,SRS21660863,SRX24957208,65027.0,2024-06-18 01:10:04,PAIRED,on_SRA,used_in_analysis
RO103Organic_16S_S718,RO103Organic,16S,RO103,Organic,Soil,QURU,Quercus rubra,Northern red oak,Forest,718,SRR37071991,SAMN42321879,SRS27959362,SRX32018565,9039.0,2026-02-04 00:20:40,PAIRED,on_SRA,used_in_analysis
RO103Organic_ITS_S719,RO103Organic,ITS,RO103,Organic,Soil,QURU,Quercus rubra,Northern red oak,Forest,719,SRR29444687,SAMN41875717,SRS21660862,SRX24957209,29109.0,2024-06-18 01:32:28,PAIRED,on_SRA,used_in_analysis
RO103Outer_16S_S720,RO103Outer,16S,RO103,Outer,Wood,QURU,Quercus rubra,Northern red oak,Forest,720,SRR37071990,SAMN42321881,SRS27959363,SRX32018566,25112.0,2026-02-04 00:10:55,PAIRED,on_SRA,used_in_analysis
RO103Outer_ITS_S721,RO103Outer,ITS,RO103,Outer,Wood,QURU,Quercus rubra,Northern red oak,Forest,721,SRR29444685,SAMN41875719,SRS21660866,SRX24957211,21742.0,2024-06-18 01:32:28,PAIRED,on_SRA,used_in_analysis
RO104Mineral_16S_S722,RO104Mineral,16S,RO104,Mineral,Soil,QURU,Quercus rubra,Northern red oak,Forest,722,SRR37071989,SAMN42321883,SRS27959364,SRX32018567,26276.0,2026-02-04 00:19:04,PAIRED,on_SRA,used_in_analysis
RO104Mineral_ITS_S723,RO104Mineral,ITS,RO104,Mineral,Soil,QURU,Quercus rubra,Northern red oak,Forest,723,SRR29444684,SAMN41875721,SRS21660865,SRX24957212,60567.0,2024-06-18 01:32:28,PAIRED,on_SRA,used_in_analysis
RO104Organic_16S_S724,RO104Organic,16S,RO104,Organic,Soil,QURU,Quercus rubra,Northern red oak,Forest,724,SRR37071987,SAMN42321885,SRS27959366,SRX32018569,35838.0,2026-02-04 00:29:26,PAIRED,on_SRA,used_in_analysis
RO104Organic_ITS_S725,RO104Organic,ITS,RO104,Organic,Soil,QURU,Quercus rubra,Northern red oak,Forest,725,SRR29444683,SAMN41875723,SRS21660871,SRX24957213,30718.0,2024-06-18 01:32:28,PAIRED,on_SRA,used_in_analysis
RO104Outer_16S_S726,RO104Outer,16S,RO104,Outer,Wood,QURU,Quercus rubra,Northern red oak,Forest,726,SRR37071988,SAMN42321887,SRS27959365,SRX32018568,49299.0,2026-02-04 00:29:26,PAIRED,on_SRA,used_in_analysis
RO104Outer_ITS_S727,RO104Outer,ITS,RO104,Outer,Wood,QURU,Quercus rubra,Northern red oak,Forest,727,SRR29444682,SAMN41875725,SRS21660869,SRX24957214,38171.0,2024-06-18 01:32:28,PAIRED,on_SRA,used_in_analysis
RO105Inner_16S_S728,RO105Inner,16S,RO105,Inner,Wood,QURU,Quercus rubra,Northern red oak,Forest,728,SRR37071986,SAMN42321889,SRS27959367,SRX32018570,26941.0,2026-02-04 00:19:03,PAIRED,on_SRA,used_in_analysis
RO105Inner_ITS_S729,RO105Inner,ITS,RO105,Inner,Wood,QURU,Quercus rubra,Northern red oak,Forest,729,SRR29444681,SAMN41875726,SRS21660867,SRX24957215,199.0,2024-06-18 01:32:28,PAIRED,on_SRA,used_in_analysis
RO105Mineral_16S_S730,RO105Mineral,16S,RO105,Mineral,Soil,QURU,Quercus rubra,Northern red oak,Forest,730,SRR37071985,SAMN42321891,SRS27959368,SRX32018571,34273.0,2026-02-04 00:39:47,PAIRED,on_SRA,used_in_analysis
RO105Mineral_ITS_S731,RO105Mineral,ITS,RO105,Mineral,Soil,QURU,Quercus rubra,Northern red oak,Forest,731,SRR29444680,SAMN41875729,SRS21660870,SRX24957216,61433.0,2024-06-18 01:10:04,PAIRED,on_SRA,used_in_analysis
RO105Organic_16S_S732,RO105Organic,16S,RO105,Organic,Soil,QURU,Quercus rubra,Northern red oak,Forest,732,SRR37071984,SAMN42321893,SRS27959369,SRX32018572,30028.0,2026-02-04 00:29:25,PAIRED,on_SRA,used_in_analysis
RO105Organic_ITS_S733,RO105Organic,ITS,RO105,Organic,Soil,QURU,Quercus rubra,Northern red oak,Forest,733,SRR29444679,SAMN41875731,SRS21660868,SRX24957217,42877.0,2024-06-18 01:32:28,PAIRED,on_SRA,used_in_analysis
RO105Outer_16S_S734,RO105Outer,16S,RO105,Outer,Wood,QURU,Quercus rubra,Northern red oak,Forest,734,SRR37071983,SAMN42321895,SRS27959370,SRX32018573,25819.0,2026-02-06 07:39:49,PAIRED,on_SRA,used_in_analysis
RO105Outer_ITS_S735,RO105Outer,ITS,RO105,Outer,Wood,QURU,Quercus rubra,Northern red oak,Forest,735,SRR29444678,SAMN41875733,SRS21660872,SRX24957218,59639.0,2024-06-18 01:32:28,PAIRED,on_SRA,used_in_analysis
RO11Inner_16S_S744,RO11Inner,16S,RO11,Inner,Wood,QURU,Quercus rubra,Northern red oak,Forest,744,SRR37071976,SAMN42321905,SRS27959377,SRX32018580,16474.0,2026-02-04 00:39:44,PAIRED,on_SRA,used_in_analysis
RO11Inner_ITS_S745,RO11Inner,ITS,RO11,Inner,Wood,QURU,Quercus rubra,Northern red oak,Forest,745,SRR29444672,SAMN41875744,SRS21660879,SRX24957224,6241.0,2024-06-18 01:10:04,PAIRED,on_SRA,used_in_analysis
RO11Organic_16S_S746,RO11Organic,16S,RO11,Organic,Soil,QURU,Quercus rubra,Northern red oak,Forest,746,SRR37071977,SAMN42321907,SRS27959376,SRX32018579,16669.0,2026-02-04 00:19:04,PAIRED,on_SRA,used_in_analysis
RO11Organic_ITS_S747,RO11Organic,ITS,RO11,Organic,Soil,QURU,Quercus rubra,Northern red oak,Forest,747,SRR29444670,SAMN41875745,SRS21660880,SRX24957226,21389.0,2024-06-18 01:10:04,PAIRED,on_SRA,used_in_analysis
RO11Outer_16S_S748,RO11Outer,16S,RO11,Outer,Wood,QURU,Quercus rubra,Northern red oak,Forest,748,SRR37071975,SAMN42321909,SRS27959378,SRX32018581,30387.0,2026-02-04 00:19:04,PAIRED,on_SRA,used_in_analysis
RO11Outer_ITS_S749,RO11Outer,ITS,RO11,Outer,Wood,QURU,Quercus rubra,Northern red oak,Forest,749,SRR29444671,SAMN41875747,SRS21660878,SRX24957225,56890.0,2024-06-18 01:10:04,PAIRED,on_SRA,used_in_analysis
RO13Inner_16S_S750,RO13Inner,16S,RO13,Inner,Wood,QURU,Quercus rubra,Northern red oak,Forest,750,SRR37071973,SAMN42321911,SRS27959381,SRX32018583,25190.0,2026-02-04 00:20:40,PAIRED,on_SRA,used_in_analysis
RO13Inner_ITS_S751,RO13Inner,ITS,RO13,Inner,Wood,QURU,Quercus rubra,Northern red oak,Forest,751,SRR29444669,SAMN41875749,SRS21660881,SRX24957227,3305.0,2024-06-18 01:10:04,PAIRED,on_SRA,used_in_analysis
RO13Mineral_16S_S752,RO13Mineral,16S,RO13,Mineral,Soil,QURU,Quercus rubra,Northern red oak,Forest,752,SRR37071974,SAMN42321912,SRS27959379,SRX32018582,1492.0,2026-02-04 00:29:26,PAIRED,on_SRA,used_in_analysis
RO13Mineral_ITS_S753,RO13Mineral,ITS,RO13,Mineral,Soil,QURU,Quercus rubra,Northern red oak,Forest,753,SRR29444668,SAMN41875751,SRS21660882,SRX24957228,3349.0,2024-06-18 01:32:29,PAIRED,on_SRA,used_in_analysis
RO13Organic_16S_S754,RO13Organic,16S,RO13,Organic,Soil,QURU,Quercus rubra,Northern red oak,Forest,754,SRR37071972,SAMN42321915,SRS27959380,SRX32018584,25434.0,2026-02-04 00:10:55,PAIRED,on_SRA,used_in_analysis
RO13Organic_ITS_S755,RO13Organic,ITS,RO13,Organic,Soil,QURU,Quercus rubra,Northern red oak,Forest,755,SRR29444531,SAMN41875753,SRS21660520,SRX24956865,20713.0,2024-06-19 01:01:47,PAIRED,on_SRA,used_in_analysis
RO13Outer_16S_S756,RO13Outer,16S,RO13,Outer,Wood,QURU,Quercus rubra,Northern red oak,Forest,756,SRR37071971,SAMN42321917,SRS27959382,SRX32018585,19261.0,2026-02-04 00:28:52,PAIRED,on_SRA,used_in_analysis
RO13Outer_ITS_S757,RO13Outer,ITS,RO13,Outer,Wood,QURU,Quercus rubra,Northern red oak,Forest,757,SRR29444529,SAMN41875755,SRS21660521,SRX24956867,29827.0,2024-06-19 01:01:47,PAIRED,on_SRA,used_in_analysis
RO2Inner_16S_S766,RO2Inner,16S,RO2,Inner,Wood,QURU,Quercus rubra,Northern red oak,Forest,766,SRR37071717,SAMN42321927,SRS27959135,SRX32018338,42028.0,2026-02-04 00:10:54,PAIRED,on_SRA,used_in_analysis
RO2Inner_ITS_S767,RO2Inner,ITS,RO2,Inner,Wood,QURU,Quercus rubra,Northern red oak,Forest,767,SRR29444524,SAMN41875765,SRS21660526,SRX24956872,25149.0,2024-06-18 02:52:04,PAIRED,on_SRA,used_in_analysis
RO2Mineral_16S_S768,RO2Mineral,16S,RO2,Mineral,Soil,QURU,Quercus rubra,Northern red oak,Forest,768,SRR37184747,SAMN55209971,SRS28055318,SRX32122358,28786.0,2026-02-10 18:20:34,PAIRED,on_SRA,used_in_analysis
RO2Mineral_ITS_S769,RO2Mineral,ITS,RO2,Mineral,Soil,QURU,Quercus rubra,Northern red oak,Forest,769,SRR29444523,SAMN41875767,SRS21660528,SRX24956873,72740.0,2024-06-19 01:01:47,PAIRED,on_SRA,used_in_analysis
RO2Organic_16S_S770,RO2Organic,16S,RO2,Organic,Soil,QURU,Quercus rubra,Northern red oak,Forest,770,SRR37184748,SAMN55209972,SRS28055316,SRX32122357,38503.0,2026-02-10 18:20:38,PAIRED,on_SRA,used_in_analysis
RO2Organic_ITS_S771,RO2Organic,ITS,RO2,Organic,Soil,QURU,Quercus rubra,Northern red oak,Forest,771,SRR29444522,SAMN41875769,SRS21660527,SRX24956874,32436.0,2024-06-18 02:52:04,PAIRED,on_SRA,used_in_analysis
RO2Outer_16S_S772,RO2Outer,16S,RO2,Outer,Wood,QURU,Quercus rubra,Northern red oak,Forest,772,SRR37184630,SAMN55209974,SRS28055435,SRX32122475,22673.0,2026-02-10 18:20:32,PAIRED,on_SRA,used_in_analysis
RO2Outer_ITS_S773,RO2Outer,ITS,RO2,Outer,Wood,QURU,Quercus rubra,Northern red oak,Forest,773,SRR29444521,SAMN41875771,SRS21660529,SRX24956875,35718.0,2024-06-19 01:01:47,PAIRED,on_SRA,used_in_analysis
RO3Inner_16S_S189,RO3Inner,16S,RO3,Inner,Wood,QURU,Quercus rubra,Northern red oak,Forest,189,,,,,,,,missing_from_SRA,used_in_analysis
RO3Inner_ITS_S191,RO3Inner,ITS,RO3,Inner,Wood,QURU,Quercus rubra,Northern red oak,Forest,191,,,,,,,,missing_from_SRA,used_in_analysis
RO3Mineral_16S_S774,RO3Mineral,16S,RO3,Mineral,Soil,QURU,Quercus rubra,Northern red oak,Forest,774,SRR37184675,SAMN55209976,SRS28055390,SRX32122430,30351.0,2026-02-10 18:20:33,PAIRED,on_SRA,used_in_analysis
RO3Mineral_ITS_S775,RO3Mineral,ITS,RO3,Mineral,Soil,QURU,Quercus rubra,Northern red oak,Forest,775,SRR29444520,SAMN41875773,SRS21660530,SRX24956876,50123.0,2024-06-19 01:01:47,PAIRED,on_SRA,used_in_analysis
RO3Organic_16S_S776,RO3Organic,16S,RO3,Organic,Soil,QURU,Quercus rubra,Northern red oak,Forest,776,SRR37184664,SAMN55209978,SRS28055401,SRX32122441,31206.0,2026-02-10 18:20:37,PAIRED,on_SRA,used_in_analysis
RO3Organic_ITS_S777,RO3Organic,ITS,RO3,Organic,Soil,QURU,Quercus rubra,Northern red oak,Forest,777,SRR29444519,SAMN41875775,SRS21660531,SRX24956877,47364.0,2024-06-18 02:52:04,PAIRED,on_SRA,used_in_analysis
RO3Outer_16S_S192,RO3Outer,16S,RO3,Outer,Wood,QURU,Quercus rubra,Northern red oak,Forest,192,,,,,,,,missing_from_SRA,used_in_analysis
RO3Outer_ITS_S194,RO3Outer,ITS,RO3,Outer,Wood,QURU,Quercus rubra,Northern red oak,Forest,194,,,,,,,,missing_from_SRA,used_in_analysis
RO7Inner_16S_S778,RO7Inner,16S,RO7,Inner,Wood,QURU,Quercus rubra,Northern red oak,Forest,778,SRR37184716,SAMN55209980,SRS28055349,SRX32122390,44351.0,2026-02-10 18:20:35,PAIRED,on_SRA,used_in_analysis
RO7Inner_ITS_S779,RO7Inner,ITS,RO7,Inner,Wood,QURU,Quercus rubra,Northern red oak,Forest,779,SRR29444518,SAMN41875777,SRS21660533,SRX24956878,51407.0,2024-06-19 01:01:47,PAIRED,on_SRA,used_in_analysis
RO7Organic_16S_S780,RO7Organic,16S,RO7,Organic,Soil,QURU,Quercus rubra,Northern red oak,Forest,780,SRR37184741,SAMN55209982,SRS28055324,SRX32122364,33978.0,2026-02-10 18:20:36,PAIRED,on_SRA,used_in_analysis
RO7Organic_ITS_S781,RO7Organic,ITS,RO7,Organic,Soil,QURU,Quercus rubra,Northern red oak,Forest,781,SRR29444516,SAMN41875779,SRS21660534,SRX24956880,35931.0,2024-06-19 01:01:47,PAIRED,on_SRA,used_in_analysis
RO7Outer_16S_S782,RO7Outer,16S,RO7,Outer,Wood,QURU,Quercus rubra,Northern red oak,Forest,782,SRR37184730,SAMN55209984,SRS28055335,SRX32122375,29652.0,2026-02-10 18:20:36,PAIRED,on_SRA,used_in_analysis
RO7Outer_ITS_S783,RO7Outer,ITS,RO7,Outer,Wood,QURU,Quercus rubra,Northern red oak,Forest,783,SRR29444515,SAMN41875781,SRS21660535,SRX24956881,46850.0,2024-06-18 02:52:04,PAIRED,on_SRA,used_in_analysis
RO7slash8Mineral_16S_S784,RO7slash8Mineral,16S,RO7/8,Mineral,Soil,QURU,Quercus rubra,Northern red oak,Forest,784,SRR37184719,SAMN55209986,SRS28055346,SRX32122386,31862.0,2026-02-10 18:20:34,PAIRED,on_SRA,excluded
RO7slash8Mineral_ITS_S785,RO7slash8Mineral,ITS,RO7/8,Mineral,Soil,QURU,Quercus rubra,Northern red oak,Forest,785,SRR29444514,SAMN41875783,SRS21660536,SRX24956882,48614.0,2024-06-19 01:01:47,PAIRED,on_SRA,excluded
RO8Inner_16S_S786,RO8Inner,16S,RO8,Inner,Wood,QURU,Quercus rubra,Northern red oak,Forest,786,SRR37184701,SAMN55209988,SRS28055364,SRX32122404,13303.0,2026-02-10 18:20:34,PAIRED,on_SRA,used_in_analysis
RO8Inner_ITS_S787,RO8Inner,ITS,RO8,Inner,Wood,QURU,Quercus rubra,Northern red oak,Forest,787,SRR29444513,SAMN41875785,SRS21660538,SRX24956883,8589.0,2024-06-19 01:01:47,PAIRED,on_SRA,used_in_analysis
RO8Outer_16S_S788,RO8Outer,16S,RO8,Outer,Wood,QURU,Quercus rubra,Northern red oak,Forest,788,SRR37184690,SAMN55209990,SRS28055375,SRX32122415,37327.0,2026-02-10 18:20:35,PAIRED,on_SRA,used_in_analysis
RO8Outer_ITS_S789,RO8Outer,ITS,RO8,Outer,Wood,QURU,Quercus rubra,Northern red oak,Forest,789,SRR29444511,SAMN41875787,SRS21660539,SRX24956885,38619.0,2024-06-19 01:01:48,PAIRED,on_SRA,used_in_analysis
RO9Inner_16S_S790,RO9Inner,16S,RO9,Inner,Wood,QURU,Quercus rubra,Northern red oak,Forest,790,SRR37184651,SAMN55209992,SRS28055415,SRX32122454,6446.0,2026-02-10 18:20:30,PAIRED,on_SRA,used_in_analysis
RO9Inner_ITS_S791,RO9Inner,ITS,RO9,Inner,Wood,QURU,Quercus rubra,Northern red oak,Forest,791,SRR29444512,SAMN41875788,SRS21660537,SRX24956884,64.0,2024-06-18 02:52:04,PAIRED,on_SRA,used_in_analysis
RO9Mineral_16S_S792,RO9Mineral,16S,RO9,Mineral,Soil,QURU,Quercus rubra,Northern red oak,Forest,792,SRR37184640,SAMN55209994,SRS28055426,SRX32122465,25579.0,2026-02-10 18:20:36,PAIRED,on_SRA,used_in_analysis
RO9Mineral_ITS_S793,RO9Mineral,ITS,RO9,Mineral,Soil,QURU,Quercus rubra,Northern red oak,Forest,793,SRR29444510,SAMN41875791,SRS21660541,SRX24956886,55725.0,2024-06-18 02:52:04,PAIRED,on_SRA,used_in_analysis
RO9Organic_16S_S794,RO9Organic,16S,RO9,Organic,Soil,QURU,Quercus rubra,Northern red oak,Forest,794,SRR37184633,SAMN55209996,SRS28055432,SRX32122472,31915.0,2026-02-10 18:20:35,PAIRED,on_SRA,used_in_analysis
RO9Organic_ITS_S795,RO9Organic,ITS,RO9,Organic,Soil,QURU,Quercus rubra,Northern red oak,Forest,795,SRR29444509,SAMN41875793,SRS21660543,SRX24956887,61762.0,2024-06-18 02:52:04,PAIRED,on_SRA,used_in_analysis
RO9Outer_16S_S796,RO9Outer,16S,RO9,Outer,Wood,QURU,Quercus rubra,Northern red oak,Forest,796,SRR37184632,SAMN55209998,SRS28055433,SRX32122473,21462.0,2026-02-10 18:20:33,PAIRED,on_SRA,used_in_analysis
RO9Outer_ITS_S797,RO9Outer,ITS,RO9,Outer,Wood,QURU,Quercus rubra,Northern red oak,Forest,797,SRR29444508,SAMN41875795,SRS21660540,SRX24956888,26926.0,2024-06-18 02:52:04,PAIRED,on_SRA,used_in_analysis
ROBowserInner_16S_S195,ROBowserInner,16S,ROBowser,Inner,Wood,QURU,Quercus rubra,Northern red oak,Forest,195,,,,,,,,missing_from_SRA,excluded
ROBowserInner_ITS_S197,ROBowserInner,ITS,ROBowser,Inner,Wood,QURU,Quercus rubra,Northern red oak,Forest,197,,,,,,,,missing_from_SRA,excluded
ROBowserOuter_16S_S198,ROBowserOuter,16S,ROBowser,Outer,Wood,QURU,Quercus rubra,Northern red oak,Forest,198,,,,,,,,missing_from_SRA,excluded
ROBowserOuter_ITS_S200,ROBowserOuter,ITS,ROBowser,Outer,Wood,QURU,Quercus rubra,Northern red oak,Forest,200,,,,,,,,missing_from_SRA,excluded
SA1Inner_16S_S798,SA1Inner,16S,SA1,Inner,Wood,SAAL,Sassafras albidum,Sassafras,Forest,798,SRR37184631,SAMN55210000,SRS28055434,SRX32122474,22038.0,2026-02-10 18:20:32,PAIRED,on_SRA,used_in_analysis
SA1Inner_ITS_S799,SA1Inner,ITS,SA1,Inner,Wood,SAAL,Sassafras albidum,Sassafras,Forest,799,SRR29444507,SAMN41875797,SRS21660542,SRX24956889,20787.0,2024-06-18 00:31:59,PAIRED,on_SRA,used_in_analysis
SA1Mineral_16S_S800,SA1Mineral,16S,SA1,Mineral,Soil,SAAL,Sassafras albidum,Sassafras,Forest,800,SRR37184629,SAMN55210002,SRS28055437,SRX32122476,37797.0,2026-02-10 18:20:38,PAIRED,on_SRA,used_in_analysis
SA1Mineral_ITS_S801,SA1Mineral,ITS,SA1,Mineral,Soil,SAAL,Sassafras albidum,Sassafras,Forest,801,SRR29444504,SAMN41875799,SRS21660546,SRX24956892,38103.0,2024-06-18 00:31:59,PAIRED,on_SRA,used_in_analysis
SA1Organic_16S_S802,SA1Organic,16S,SA1,Organic,Soil,SAAL,Sassafras albidum,Sassafras,Forest,802,SRR37184628,SAMN55210004,SRS28055436,SRX32122477,20099.0,2026-02-10 18:20:32,PAIRED,on_SRA,used_in_analysis
SA1Organic_ITS_S803,SA1Organic,ITS,SA1,Organic,Soil,SAAL,Sassafras albidum,Sassafras,Forest,803,SRR29444779,SAMN41875801,SRS21660771,SRX24957117,18180.0,2024-06-18 02:52:08,PAIRED,on_SRA,used_in_analysis
SA1Outer_16S_S804,SA1Outer,16S,SA1,Outer,Wood,SAAL,Sassafras albidum,Sassafras,Forest,804,SRR37184627,SAMN55210006,SRS28055438,SRX32122478,37363.0,2026-02-10 18:20:34,PAIRED,on_SRA,used_in_analysis
SA1Outer_ITS_S805,SA1Outer,ITS,SA1,Outer,Wood,SAAL,Sassafras albidum,Sassafras,Forest,805,SRR29444778,SAMN41875803,SRS21660772,SRX24957118,26639.0,2024-06-18 02:52:08,PAIRED,on_SRA,used_in_analysis
SH1Inner_16S_S806,SH1Inner,16S,SH1,Inner,Wood,CAOV,Carya ovata,Shagbark hickory,Forest,806,SRR37184682,SAMN55210008,SRS28055383,SRX32122423,22215.0,2026-02-10 18:20:34,PAIRED,on_SRA,used_in_analysis
SH1Inner_ITS_S807,SH1Inner,ITS,SH1,Inner,Wood,CAOV,Carya ovata,Shagbark hickory,Forest,807,SRR29444776,SAMN41875805,SRS21660774,SRX24957120,33527.0,2024-06-19 01:01:54,PAIRED,on_SRA,used_in_analysis
SH1Mineral_16S_S808,SH1Mineral,16S,SH1,Mineral,Soil,CAOV,Carya ovata,Shagbark hickory,Forest,808,SRR37184681,SAMN55210010,SRS28055384,SRX32122424,31628.0,2026-02-10 18:20:33,PAIRED,on_SRA,used_in_analysis
SH1Mineral_ITS_S809,SH1Mineral,ITS,SH1,Mineral,Soil,CAOV,Carya ovata,Shagbark hickory,Forest,809,SRR29444777,SAMN41875807,SRS21660773,SRX24957119,41798.0,2024-06-18 02:52:08,PAIRED,on_SRA,used_in_analysis
SH1Organic_16S_S810,SH1Organic,16S,SH1,Organic,Soil,CAOV,Carya ovata,Shagbark hickory,Forest,810,SRR37184680,SAMN55210012,SRS28055385,SRX32122425,39824.0,2026-02-10 18:20:34,PAIRED,on_SRA,used_in_analysis
SH1Organic_ITS_S811,SH1Organic,ITS,SH1,Organic,Soil,CAOV,Carya ovata,Shagbark hickory,Forest,811,SRR29444775,SAMN41875809,SRS21660776,SRX24957121,38042.0,2024-06-18 02:52:08,PAIRED,on_SRA,used_in_analysis
SH1Outer_16S_S812,SH1Outer,16S,SH1,Outer,Wood,CAOV,Carya ovata,Shagbark hickory,Forest,812,SRR37184679,SAMN55210014,SRS28055386,SRX32122426,41234.0,2026-02-10 18:20:34,PAIRED,on_SRA,used_in_analysis
SH1Outer_ITS_S813,SH1Outer,ITS,SH1,Outer,Wood,CAOV,Carya ovata,Shagbark hickory,Forest,813,SRR29444774,SAMN41875811,SRS21660775,SRX24957122,39355.0,2024-06-18 01:32:26,PAIRED,on_SRA,used_in_analysis
SM1Mineral_16S_S860,SM1Mineral,16S,SM1,Mineral,Soil,ACSA,Acer saccharum,Sugar maple,Forest,860,SRR37184714,SAMN55210062,SRS28055352,SRX32122392,26908.0,2026-02-10 18:20:36,PAIRED,on_SRA,used_in_analysis
SM1Mineral_ITS_S861,SM1Mineral,ITS,SM1,Mineral,Soil,ACSA,Acer saccharum,Sugar maple,Forest,861,SRR29444663,SAMN41875859,SRS21660888,SRX24957233,27625.0,2024-06-18 01:10:05,PAIRED,on_SRA,used_in_analysis
SM1Organic_16S_S862,SM1Organic,16S,SM1,Organic,Soil,ACSA,Acer saccharum,Sugar maple,Forest,862,SRR37184715,SAMN55210063,SRS28055351,SRX32122391,104.0,2026-02-10 18:20:33,PAIRED,on_SRA,used_in_analysis
SM1Organic_ITS_S863,SM1Organic,ITS,SM1,Organic,Soil,ACSA,Acer saccharum,Sugar maple,Forest,863,SRR29444662,SAMN41875861,SRS21660887,SRX24957234,4455.0,2024-06-18 01:10:05,PAIRED,on_SRA,used_in_analysis
SM1Outer_16S_S864,SM1Outer,16S,SM1,Outer,Wood,ACSA,Acer saccharum,Sugar maple,Forest,864,SRR37184713,SAMN55210066,SRS28055353,SRX32122393,32198.0,2026-02-10 18:20:37,PAIRED,on_SRA,used_in_analysis
SM1Outer_ITS_S865,SM1Outer,ITS,SM1,Outer,Wood,ACSA,Acer saccharum,Sugar maple,Forest,865,SRR29444661,SAMN41875863,SRS21660889,SRX24957235,38424.0,2024-06-18 01:10:05,PAIRED,on_SRA,used_in_analysis
SM10Inner_16S_S814,SM10Inner,16S,SM10,Inner,Wood,ACSA,Acer saccharum,Sugar maple,Forest,814,SRR37184678,SAMN55210016,SRS28055387,SRX32122427,21169.0,2026-02-10 18:20:33,PAIRED,on_SRA,used_in_analysis
SM10Inner_ITS_S815,SM10Inner,ITS,SM10,Inner,Wood,ACSA,Acer saccharum,Sugar maple,Forest,815,SRR29444773,SAMN41875813,SRS21660777,SRX24957123,39835.0,2024-06-19 01:01:54,PAIRED,on_SRA,used_in_analysis
SM10Mineral_16S_S816,SM10Mineral,16S,SM10,Mineral,Soil,ACSA,Acer saccharum,Sugar maple,Forest,816,SRR37184677,SAMN55210018,SRS28055389,SRX32122428,35225.0,2026-02-10 18:20:35,PAIRED,on_SRA,used_in_analysis
SM10Mineral_ITS_S817,SM10Mineral,ITS,SM10,Mineral,Soil,ACSA,Acer saccharum,Sugar maple,Forest,817,SRR29444772,SAMN41875815,SRS21660779,SRX24957124,25886.0,2024-06-19 01:01:54,PAIRED,on_SRA,used_in_analysis
SM10Organic_16S_S818,SM10Organic,16S,SM10,Organic,Soil,ACSA,Acer saccharum,Sugar maple,Forest,818,SRR37184676,SAMN55210020,SRS28055388,SRX32122429,28872.0,2026-02-10 18:20:38,PAIRED,on_SRA,used_in_analysis
SM10Organic_ITS_S819,SM10Organic,ITS,SM10,Organic,Soil,ACSA,Acer saccharum,Sugar maple,Forest,819,SRR29444771,SAMN41875817,SRS21660780,SRX24957125,60335.0,2024-06-18 02:52:09,PAIRED,on_SRA,used_in_analysis
SM10Outer_16S_S820,SM10Outer,16S,SM10,Outer,Wood,ACSA,Acer saccharum,Sugar maple,Forest,820,SRR37184674,SAMN55210022,SRS28055391,SRX32122431,32520.0,2026-02-10 18:20:35,PAIRED,on_SRA,used_in_analysis
SM10Outer_ITS_S821,SM10Outer,ITS,SM10,Outer,Wood,ACSA,Acer saccharum,Sugar maple,Forest,821,SRR29444769,SAMN41875819,SRS21660781,SRX24957127,31228.0,2024-06-18 02:52:09,PAIRED,on_SRA,used_in_analysis
SM11Inner_16S_S822,SM11Inner,16S,SM11,Inner,Wood,ACSA,Acer saccharum,Sugar maple,Forest,822,SRR37184673,SAMN55210024,SRS28055392,SRX32122432,31754.0,2026-02-10 18:20:37,PAIRED,on_SRA,used_in_analysis
SM11Inner_ITS_S823,SM11Inner,ITS,SM11,Inner,Wood,ACSA,Acer saccharum,Sugar maple,Forest,823,SRR29444768,SAMN41875821,SRS21660782,SRX24957128,36079.0,2024-06-19 01:01:54,PAIRED,on_SRA,used_in_analysis
SM11Mineral_16S_S824,SM11Mineral,16S,SM11,Mineral,Soil,ACSA,Acer saccharum,Sugar maple,Forest,824,SRR37184672,SAMN55210026,SRS28055393,SRX32122433,40995.0,2026-02-10 18:20:38,PAIRED,on_SRA,used_in_analysis
SM11Mineral_ITS_S825,SM11Mineral,ITS,SM11,Mineral,Soil,ACSA,Acer saccharum,Sugar maple,Forest,825,SRR29444767,SAMN41875823,SRS21660783,SRX24957129,40021.0,2024-06-19 01:01:54,PAIRED,on_SRA,used_in_analysis
SM11Organic_16S_S826,SM11Organic,16S,SM11,Organic,Soil,ACSA,Acer saccharum,Sugar maple,Forest,826,SRR37184671,SAMN55210028,SRS28055394,SRX32122434,1063.0,2026-02-10 18:20:31,PAIRED,on_SRA,used_in_analysis
SM11Organic_ITS_S827,SM11Organic,ITS,SM11,Organic,Soil,ACSA,Acer saccharum,Sugar maple,Forest,827,SRR29444766,SAMN41875824,SRS21660786,SRX24957130,4845.0,2024-06-19 01:01:54,PAIRED,on_SRA,used_in_analysis
SM11Outer_16S_S828,SM11Outer,16S,SM11,Outer,Wood,ACSA,Acer saccharum,Sugar maple,Forest,828,SRR37184670,SAMN55210030,SRS28055395,SRX32122435,28960.0,2026-02-10 18:20:32,PAIRED,on_SRA,used_in_analysis
SM11Outer_ITS_S829,SM11Outer,ITS,SM11,Outer,Wood,ACSA,Acer saccharum,Sugar maple,Forest,829,SRR29444765,SAMN41875827,SRS21660785,SRX24957131,41655.0,2024-06-18 02:52:09,PAIRED,on_SRA,used_in_analysis
SM12Inner_16S_S830,SM12Inner,16S,SM12,Inner,Wood,ACSA,Acer saccharum,Sugar maple,Forest,830,SRR37184669,SAMN55210032,SRS28055397,SRX32122436,38580.0,2026-02-10 18:20:34,PAIRED,on_SRA,used_in_analysis
SM12Inner_ITS_S831,SM12Inner,ITS,SM12,Inner,Wood,ACSA,Acer saccharum,Sugar maple,Forest,831,SRR29444764,SAMN41875829,SRS21660784,SRX24957132,23980.0,2024-06-18 02:52:09,PAIRED,on_SRA,used_in_analysis
SM12Mineral_16S_S832,SM12Mineral,16S,SM12,Mineral,Soil,ACSA,Acer saccharum,Sugar maple,Forest,832,SRR37184668,SAMN55210034,SRS28055396,SRX32122437,34969.0,2026-02-10 18:20:36,PAIRED,on_SRA,used_in_analysis
SM12Mineral_ITS_S833,SM12Mineral,ITS,SM12,Mineral,Soil,ACSA,Acer saccharum,Sugar maple,Forest,833,SRR29444763,SAMN41875831,SRS21660787,SRX24957133,44411.0,2024-06-18 02:52:09,PAIRED,on_SRA,used_in_analysis
SM12Organic_16S_S834,SM12Organic,16S,SM12,Organic,Soil,ACSA,Acer saccharum,Sugar maple,Forest,834,SRR37184667,SAMN55210036,SRS28055398,SRX32122438,435.0,2026-02-10 18:20:31,PAIRED,on_SRA,used_in_analysis
SM12Organic_ITS_S835,SM12Organic,ITS,SM12,Organic,Soil,ACSA,Acer saccharum,Sugar maple,Forest,835,SRR29444762,SAMN41875832,SRS21660788,SRX24957134,172.0,2024-06-18 02:52:09,PAIRED,on_SRA,used_in_analysis
SM12Outer_16S_S836,SM12Outer,16S,SM12,Outer,Wood,ACSA,Acer saccharum,Sugar maple,Forest,836,SRR37184666,SAMN55210038,SRS28055399,SRX32122439,28338.0,2026-02-10 18:20:33,PAIRED,on_SRA,used_in_analysis
SM12Outer_ITS_S837,SM12Outer,ITS,SM12,Outer,Wood,ACSA,Acer saccharum,Sugar maple,Forest,837,SRR29444761,SAMN41875835,SRS21660789,SRX24957135,32437.0,2024-06-18 02:52:09,PAIRED,on_SRA,used_in_analysis
SM13Inner_16S_S838,SM13Inner,16S,SM13,Inner,Wood,ACSA,Acer saccharum,Sugar maple,Forest,838,SRR37184665,SAMN55210040,SRS28055400,SRX32122440,17759.0,2026-02-10 18:20:34,PAIRED,on_SRA,used_in_analysis
SM13Inner_ITS_S839,SM13Inner,ITS,SM13,Inner,Wood,ACSA,Acer saccharum,Sugar maple,Forest,839,SRR29444760,SAMN41875837,SRS21660790,SRX24957136,49737.0,2024-06-19 01:01:55,PAIRED,on_SRA,used_in_analysis
SM13Mineral_16S_S840,SM13Mineral,16S,SM13,Mineral,Soil,ACSA,Acer saccharum,Sugar maple,Forest,840,SRR37184663,SAMN55210042,SRS28055402,SRX32122442,37665.0,2026-02-10 18:20:33,PAIRED,on_SRA,used_in_analysis
SM13Mineral_ITS_S841,SM13Mineral,ITS,SM13,Mineral,Soil,ACSA,Acer saccharum,Sugar maple,Forest,841,SRR29444758,SAMN41875839,SRS21660792,SRX24957138,55152.0,2024-06-18 01:32:26,PAIRED,on_SRA,used_in_analysis
SM13Organic_16S_S842,SM13Organic,16S,SM13,Organic,Soil,ACSA,Acer saccharum,Sugar maple,Forest,842,SRR37184662,SAMN55210044,SRS28055403,SRX32122443,30439.0,2026-02-10 18:20:36,PAIRED,on_SRA,used_in_analysis
SM13Organic_ITS_S843,SM13Organic,ITS,SM13,Organic,Soil,ACSA,Acer saccharum,Sugar maple,Forest,843,SRR29444757,SAMN41875841,SRS21660793,SRX24957139,54957.0,2024-06-18 01:32:26,PAIRED,on_SRA,used_in_analysis
SM13Outer_16S_S844,SM13Outer,16S,SM13,Outer,Wood,ACSA,Acer saccharum,Sugar maple,Forest,844,SRR37184661,SAMN55210046,SRS28055404,SRX32122444,28446.0,2026-02-10 18:20:36,PAIRED,on_SRA,used_in_analysis
SM13Outer_ITS_S845,SM13Outer,ITS,SM13,Outer,Wood,ACSA,Acer saccharum,Sugar maple,Forest,845,SRR29444756,SAMN41875843,SRS21660794,SRX24957140,28078.0,2024-06-18 01:32:26,PAIRED,on_SRA,used_in_analysis
SM14Inner_16S_S846,SM14Inner,16S,SM14,Inner,Wood,ACSA,Acer saccharum,Sugar maple,Forest,846,SRR37184660,SAMN55210048,SRS28055405,SRX32122445,40803.0,2026-02-10 18:20:32,PAIRED,on_SRA,used_in_analysis
SM14Inner_ITS_S847,SM14Inner,ITS,SM14,Inner,Wood,ACSA,Acer saccharum,Sugar maple,Forest,847,SRR29444754,SAMN41875845,SRS21660797,SRX24957142,46550.0,2024-06-18 02:52:09,PAIRED,on_SRA,used_in_analysis
SM14Mineral_16S_S848,SM14Mineral,16S,SM14,Mineral,Soil,ACSA,Acer saccharum,Sugar maple,Forest,848,SRR37184658,SAMN55210050,SRS28055407,SRX32122447,21497.0,2026-02-10 18:20:38,PAIRED,on_SRA,used_in_analysis
SM14Mineral_ITS_S849,SM14Mineral,ITS,SM14,Mineral,Soil,ACSA,Acer saccharum,Sugar maple,Forest,849,SRR29444755,SAMN41875847,SRS21660796,SRX24957141,30325.0,2024-06-19 01:01:55,PAIRED,on_SRA,used_in_analysis
SM14Organic_16S_S850,SM14Organic,16S,SM14,Organic,Soil,ACSA,Acer saccharum,Sugar maple,Forest,850,SRR37184659,SAMN55210051,SRS28055406,SRX32122446,129.0,2026-02-10 18:20:30,PAIRED,on_SRA,used_in_analysis
SM14Organic_ITS_S851,SM14Organic,ITS,SM14,Organic,Soil,ACSA,Acer saccharum,Sugar maple,Forest,851,SRR29444753,SAMN41875849,SRS21660795,SRX24957143,261.0,2024-06-18 02:52:09,PAIRED,on_SRA,used_in_analysis
SM14Outer_16S_S852,SM14Outer,16S,SM14,Outer,Wood,ACSA,Acer saccharum,Sugar maple,Forest,852,SRR37184657,SAMN55210054,SRS28055408,SRX32122448,12026.0,2026-02-10 18:20:33,PAIRED,on_SRA,used_in_analysis
SM14Outer_ITS_S853,SM14Outer,ITS,SM14,Outer,Wood,ACSA,Acer saccharum,Sugar maple,Forest,853,SRR29444752,SAMN41875851,SRS21660798,SRX24957144,27388.0,2024-06-19 01:01:55,PAIRED,on_SRA,used_in_analysis
SM15Inner_16S_S854,SM15Inner,16S,SM15,Inner,Wood,ACSA,Acer saccharum,Sugar maple,Forest,854,SRR37184656,SAMN55210056,SRS28055411,SRX32122449,33848.0,2026-02-10 18:20:35,PAIRED,on_SRA,used_in_analysis
SM15Inner_ITS_S855,SM15Inner,ITS,SM15,Inner,Wood,ACSA,Acer saccharum,Sugar maple,Forest,855,SRR29444667,SAMN41875853,SRS21660883,SRX24957229,46288.0,2024-06-18 01:32:29,PAIRED,on_SRA,used_in_analysis
SM15Organic_16S_S856,SM15Organic,16S,SM15,Organic,Soil,ACSA,Acer saccharum,Sugar maple,Forest,856,SRR37184655,SAMN55210058,SRS28055410,SRX32122450,9974.0,2026-02-10 18:20:34,PAIRED,on_SRA,excluded
SM15Organic_ITS_S857,SM15Organic,ITS,SM15,Organic,Soil,ACSA,Acer saccharum,Sugar maple,Forest,857,SRR29444666,SAMN41875855,SRS21660884,SRX24957230,29145.0,2024-06-18 01:10:04,PAIRED,on_SRA,excluded
SM15Outer_16S_S858,SM15Outer,16S,SM15,Outer,Wood,ACSA,Acer saccharum,Sugar maple,Forest,858,SRR37184717,SAMN55210060,SRS28055350,SRX32122389,21508.0,2026-02-10 18:20:33,PAIRED,on_SRA,used_in_analysis
SM15Outer_ITS_S859,SM15Outer,ITS,SM15,Outer,Wood,ACSA,Acer saccharum,Sugar maple,Forest,859,SRR29444665,SAMN41875857,SRS21660885,SRX24957231,39034.0,2024-06-18 01:10:04,PAIRED,on_SRA,used_in_analysis
SM2Inner_16S_S866,SM2Inner,16S,SM2,Inner,Wood,ACSA,Acer saccharum,Sugar maple,Forest,866,SRR37184710,SAMN55210068,SRS28055355,SRX32122395,33896.0,2026-02-10 18:20:35,PAIRED,on_SRA,used_in_analysis
SM2Inner_ITS_S867,SM2Inner,ITS,SM2,Inner,Wood,ACSA,Acer saccharum,Sugar maple,Forest,867,SRR29444659,SAMN41875865,SRS21660890,SRX24957237,44861.0,2024-06-18 01:32:29,PAIRED,on_SRA,used_in_analysis
SM2Mineral_16S_S868,SM2Mineral,16S,SM2,Mineral,Soil,ACSA,Acer saccharum,Sugar maple,Forest,868,SRR37184711,SAMN55210070,SRS28055354,SRX32122394,18117.0,2026-02-10 18:20:37,PAIRED,on_SRA,used_in_analysis
SM2Mineral_ITS_S869,SM2Mineral,ITS,SM2,Mineral,Soil,ACSA,Acer saccharum,Sugar maple,Forest,869,SRR29444660,SAMN41875867,SRS21660892,SRX24957236,46157.0,2024-06-18 01:32:29,PAIRED,on_SRA,used_in_analysis
SM2Organic_16S_S870,SM2Organic,16S,SM2,Organic,Soil,ACSA,Acer saccharum,Sugar maple,Forest,870,SRR37184746,SAMN55210072,SRS28055320,SRX32122359,25225.0,2026-02-10 18:20:37,PAIRED,on_SRA,used_in_analysis
SM2Organic_ITS_S871,SM2Organic,ITS,SM2,Organic,Soil,ACSA,Acer saccharum,Sugar maple,Forest,871,SRR29444658,SAMN41875869,SRS21660891,SRX24957238,44784.0,2024-06-18 01:32:29,PAIRED,on_SRA,used_in_analysis
SM2Outer_16S_S872,SM2Outer,16S,SM2,Outer,Wood,ACSA,Acer saccharum,Sugar maple,Forest,872,SRR37184745,SAMN55210074,SRS28055319,SRX32122360,16243.0,2026-02-10 18:20:37,PAIRED,on_SRA,used_in_analysis
SM2Outer_ITS_S873,SM2Outer,ITS,SM2,Outer,Wood,ACSA,Acer saccharum,Sugar maple,Forest,873,SRR29444657,SAMN41875871,SRS21660893,SRX24957239,32768.0,2024-06-18 01:32:29,PAIRED,on_SRA,used_in_analysis
SM3Inner_16S_S874,SM3Inner,16S,SM3,Inner,Wood,ACSA,Acer saccharum,Sugar maple,Forest,874,SRR37184744,SAMN55210076,SRS28055321,SRX32122361,30801.0,2026-02-10 18:20:34,PAIRED,on_SRA,used_in_analysis
SM3Inner_ITS_S875,SM3Inner,ITS,SM3,Inner,Wood,ACSA,Acer saccharum,Sugar maple,Forest,875,SRR29444656,SAMN41875873,SRS21660895,SRX24957240,24968.0,2024-06-18 01:32:29,PAIRED,on_SRA,used_in_analysis
SM3Mineral_16S_S876,SM3Mineral,16S,SM3,Mineral,Soil,ACSA,Acer saccharum,Sugar maple,Forest,876,SRR37184743,SAMN55210078,SRS28055322,SRX32122362,18564.0,2026-02-10 18:20:35,PAIRED,on_SRA,used_in_analysis
SM3Mineral_ITS_S877,SM3Mineral,ITS,SM3,Mineral,Soil,ACSA,Acer saccharum,Sugar maple,Forest,877,SRR29444655,SAMN41875875,SRS21660894,SRX24957241,26099.0,2024-06-18 01:32:29,PAIRED,on_SRA,used_in_analysis
SM3Organic_16S_S878,SM3Organic,16S,SM3,Organic,Soil,ACSA,Acer saccharum,Sugar maple,Forest,878,SRR37184742,SAMN55210080,SRS28055323,SRX32122363,28456.0,2026-02-10 18:20:37,PAIRED,on_SRA,used_in_analysis
SM3Organic_ITS_S879,SM3Organic,ITS,SM3,Organic,Soil,ACSA,Acer saccharum,Sugar maple,Forest,879,SRR29444654,SAMN41875877,SRS21660896,SRX24957242,64268.0,2024-06-18 01:32:29,PAIRED,on_SRA,used_in_analysis
SM3Outer_16S_S880,SM3Outer,16S,SM3,Outer,Wood,ACSA,Acer saccharum,Sugar maple,Forest,880,SRR37184740,SAMN55210082,SRS28055325,SRX32122365,26222.0,2026-02-10 18:20:37,PAIRED,on_SRA,used_in_analysis
SM3Outer_ITS_S881,SM3Outer,ITS,SM3,Outer,Wood,ACSA,Acer saccharum,Sugar maple,Forest,881,SRR29444652,SAMN41875879,SRS21660898,SRX24957244,41156.0,2024-06-18 01:10:05,PAIRED,on_SRA,used_in_analysis
SM4Inner_16S_S882,SM4Inner,16S,SM4,Inner,Wood,ACSA,Acer saccharum,Sugar maple,Forest,882,SRR37184739,SAMN55210084,SRS28055326,SRX32122366,36342.0,2026-02-10 18:20:38,PAIRED,on_SRA,used_in_analysis
SM4Inner_ITS_S883,SM4Inner,ITS,SM4,Inner,Wood,ACSA,Acer saccharum,Sugar maple,Forest,883,SRR29444651,SAMN41875881,SRS21660899,SRX24957245,44420.0,2024-06-18 01:10:05,PAIRED,on_SRA,used_in_analysis
SM4Mineral_16S_S884,SM4Mineral,16S,SM4,Mineral,Soil,ACSA,Acer saccharum,Sugar maple,Forest,884,SRR37184738,SAMN55210086,SRS28055327,SRX32122367,33040.0,2026-02-10 18:20:36,PAIRED,on_SRA,used_in_analysis
SM4Mineral_ITS_S885,SM4Mineral,ITS,SM4,Mineral,Soil,ACSA,Acer saccharum,Sugar maple,Forest,885,SRR29444650,SAMN41875883,SRS21660900,SRX24957246,40213.0,2024-06-18 01:10:05,PAIRED,on_SRA,used_in_analysis
SM4Organic_16S_S886,SM4Organic,16S,SM4,Organic,Soil,ACSA,Acer saccharum,Sugar maple,Forest,886,SRR37184736,SAMN55210088,SRS28055329,SRX32122369,32461.0,2026-02-10 18:20:38,PAIRED,on_SRA,used_in_analysis
SM4Organic_ITS_S887,SM4Organic,ITS,SM4,Organic,Soil,ACSA,Acer saccharum,Sugar maple,Forest,887,SRR29444648,SAMN41875885,SRS21660903,SRX24957248,59643.0,2024-06-18 01:32:30,PAIRED,on_SRA,used_in_analysis
SM4Outer_16S_S888,SM4Outer,16S,SM4,Outer,Wood,ACSA,Acer saccharum,Sugar maple,Forest,888,SRR37184737,SAMN55210090,SRS28055328,SRX32122368,24495.0,2026-02-10 18:20:36,PAIRED,on_SRA,used_in_analysis
SM4Outer_ITS_S889,SM4Outer,ITS,SM4,Outer,Wood,ACSA,Acer saccharum,Sugar maple,Forest,889,SRR29444649,SAMN41875887,SRS21660904,SRX24957247,36369.0,2024-06-18 01:32:29,PAIRED,on_SRA,used_in_analysis
SM5Mineral_16S_S890,SM5Mineral,16S,SM5,Mineral,Soil,ACSA,Acer saccharum,Sugar maple,Forest,890,SRR37184735,SAMN55210092,SRS28055330,SRX32122370,40840.0,2026-02-10 18:20:35,PAIRED,on_SRA,used_in_analysis
SM5Mineral_ITS_S891,SM5Mineral,ITS,SM5,Mineral,Soil,ACSA,Acer saccharum,Sugar maple,Forest,891,SRR29444647,SAMN41875889,SRS21660902,SRX24957249,38164.0,2024-06-18 01:10:05,PAIRED,on_SRA,used_in_analysis
SM5Organic_16S_S892,SM5Organic,16S,SM5,Organic,Soil,ACSA,Acer saccharum,Sugar maple,Forest,892,SRR37184734,SAMN55210094,SRS28055331,SRX32122371,26395.0,2026-02-10 18:20:37,PAIRED,on_SRA,used_in_analysis
SM5Organic_ITS_S893,SM5Organic,ITS,SM5,Organic,Soil,ACSA,Acer saccharum,Sugar maple,Forest,893,SRR29444646,SAMN41875891,SRS21660901,SRX24957250,62821.0,2024-06-18 01:10:05,PAIRED,on_SRA,used_in_analysis
SM5Outer_16S_S894,SM5Outer,16S,SM5,Outer,Wood,ACSA,Acer saccharum,Sugar maple,Forest,894,SRR37184733,SAMN55210096,SRS28055332,SRX32122372,28069.0,2026-02-10 18:20:36,PAIRED,on_SRA,used_in_analysis
SM5Outer_ITS_S895,SM5Outer,ITS,SM5,Outer,Wood,ACSA,Acer saccharum,Sugar maple,Forest,895,SRR29444645,SAMN41875893,SRS21660905,SRX24957251,33160.0,2024-06-18 01:32:30,PAIRED,on_SRA,used_in_analysis
SM6Inner_16S_S896,SM6Inner,16S,SM6,Inner,Wood,ACSA,Acer saccharum,Sugar maple,Forest,896,SRR37184732,SAMN55210098,SRS28055333,SRX32122373,45412.0,2026-02-10 18:20:37,PAIRED,on_SRA,used_in_analysis
SM6Inner_ITS_S897,SM6Inner,ITS,SM6,Inner,Wood,ACSA,Acer saccharum,Sugar maple,Forest,897,SRR29444643,SAMN41875895,SRS21660908,SRX24957253,19991.0,2024-06-18 01:10:05,PAIRED,on_SRA,used_in_analysis
SM6Mineral_16S_S898,SM6Mineral,16S,SM6,Mineral,Soil,ACSA,Acer saccharum,Sugar maple,Forest,898,SRR37184731,SAMN55210100,SRS28055334,SRX32122374,36371.0,2026-02-10 18:20:36,PAIRED,on_SRA,used_in_analysis
SM6Mineral_ITS_S899,SM6Mineral,ITS,SM6,Mineral,Soil,ACSA,Acer saccharum,Sugar maple,Forest,899,SRR29444644,SAMN41875897,SRS21660906,SRX24957252,56912.0,2024-06-18 01:32:30,PAIRED,on_SRA,used_in_analysis
SM6Organic_16S_S900,SM6Organic,16S,SM6,Organic,Soil,ACSA,Acer saccharum,Sugar maple,Forest,900,SRR37184729,SAMN55210102,SRS28055336,SRX32122376,26546.0,2026-02-10 18:20:36,PAIRED,on_SRA,used_in_analysis
SM6Organic_ITS_S901,SM6Organic,ITS,SM6,Organic,Soil,ACSA,Acer saccharum,Sugar maple,Forest,901,SRR29444641,SAMN41875899,SRS21660907,SRX24957255,17091.0,2024-06-18 01:10:05,PAIRED,on_SRA,used_in_analysis
SM6Outer_16S_S902,SM6Outer,16S,SM6,Outer,Wood,ACSA,Acer saccharum,Sugar maple,Forest,902,SRR37184728,SAMN55210104,SRS28055337,SRX32122377,43083.0,2026-02-10 18:20:37,PAIRED,on_SRA,used_in_analysis
SM6Outer_ITS_S903,SM6Outer,ITS,SM6,Outer,Wood,ACSA,Acer saccharum,Sugar maple,Forest,903,SRR29444640,SAMN41875901,SRS21660911,SRX24957256,47490.0,2024-06-18 01:32:30,PAIRED,on_SRA,used_in_analysis
SM7Inner_16S_S904,SM7Inner,16S,SM7,Inner,Wood,ACSA,Acer saccharum,Sugar maple,Forest,904,SRR37184727,SAMN55210106,SRS28055338,SRX32122378,37160.0,2026-02-10 18:20:36,PAIRED,on_SRA,used_in_analysis
SM7Inner_ITS_S905,SM7Inner,ITS,SM7,Inner,Wood,ACSA,Acer saccharum,Sugar maple,Forest,905,SRR29444503,SAMN41875903,SRS21660547,SRX24956893,47840.0,2024-06-19 01:01:48,PAIRED,on_SRA,used_in_analysis
SM7Mineral_16S_S906,SM7Mineral,16S,SM7,Mineral,Soil,ACSA,Acer saccharum,Sugar maple,Forest,906,SRR37184725,SAMN55210108,SRS28055340,SRX32122380,41258.0,2026-02-10 18:20:36,PAIRED,on_SRA,used_in_analysis
SM7Mineral_ITS_S907,SM7Mineral,ITS,SM7,Mineral,Soil,ACSA,Acer saccharum,Sugar maple,Forest,907,SRR29444502,SAMN41875905,SRS21660550,SRX24956894,43727.0,2024-06-19 01:01:48,PAIRED,on_SRA,used_in_analysis
SM7Organic_16S_S908,SM7Organic,16S,SM7,Organic,Soil,ACSA,Acer saccharum,Sugar maple,Forest,908,SRR37184726,SAMN55210110,SRS28055339,SRX32122379,34767.0,2026-02-10 18:20:36,PAIRED,on_SRA,used_in_analysis
SM7Organic_ITS_S909,SM7Organic,ITS,SM7,Organic,Soil,ACSA,Acer saccharum,Sugar maple,Forest,909,SRR29444501,SAMN41875907,SRS21660548,SRX24956895,65312.0,2024-06-19 01:01:48,PAIRED,on_SRA,used_in_analysis
SM7Outer_16S_S910,SM7Outer,16S,SM7,Outer,Wood,ACSA,Acer saccharum,Sugar maple,Forest,910,SRR37184724,SAMN55210112,SRS28055341,SRX32122381,40977.0,2026-02-10 18:20:40,PAIRED,on_SRA,used_in_analysis
SM7Outer_ITS_S911,SM7Outer,ITS,SM7,Outer,Wood,ACSA,Acer saccharum,Sugar maple,Forest,911,SRR29444500,SAMN41875909,SRS21660551,SRX24956896,47761.0,2024-06-19 01:01:48,PAIRED,on_SRA,used_in_analysis
SM8Inner_16S_S912,SM8Inner,16S,SM8,Inner,Wood,ACSA,Acer saccharum,Sugar maple,Forest,912,SRR37184723,SAMN55210114,SRS28055342,SRX32122382,47189.0,2026-02-10 18:20:37,PAIRED,on_SRA,used_in_analysis
SM8Inner_ITS_S913,SM8Inner,ITS,SM8,Inner,Wood,ACSA,Acer saccharum,Sugar maple,Forest,913,SRR29444499,SAMN41875911,SRS21660549,SRX24956897,68769.0,2024-06-18 02:52:04,PAIRED,on_SRA,used_in_analysis
SM8Mineral_16S_S914,SM8Mineral,16S,SM8,Mineral,Soil,ACSA,Acer saccharum,Sugar maple,Forest,914,SRR37184722,SAMN55210116,SRS28055343,SRX32122383,36133.0,2026-02-10 18:20:36,PAIRED,on_SRA,used_in_analysis
SM8Mineral_ITS_S915,SM8Mineral,ITS,SM8,Mineral,Soil,ACSA,Acer saccharum,Sugar maple,Forest,915,SRR29444498,SAMN41875913,SRS21660552,SRX24956898,25042.0,2024-06-18 02:52:04,PAIRED,on_SRA,used_in_analysis
SM8Organic_16S_S916,SM8Organic,16S,SM8,Organic,Soil,ACSA,Acer saccharum,Sugar maple,Forest,916,SRR37184721,SAMN55210118,SRS28055344,SRX32122384,26784.0,2026-02-10 18:20:35,PAIRED,on_SRA,used_in_analysis
SM8Organic_ITS_S917,SM8Organic,ITS,SM8,Organic,Soil,ACSA,Acer saccharum,Sugar maple,Forest,917,SRR29444497,SAMN41875915,SRS21660554,SRX24956899,64074.0,2024-06-18 00:31:59,PAIRED,on_SRA,used_in_analysis
SM8Outer_16S_S918,SM8Outer,16S,SM8,Outer,Wood,ACSA,Acer saccharum,Sugar maple,Forest,918,SRR37184720,SAMN55210120,SRS28055345,SRX32122385,41117.0,2026-02-10 18:20:35,PAIRED,on_SRA,used_in_analysis
SM8Outer_ITS_S919,SM8Outer,ITS,SM8,Outer,Wood,ACSA,Acer saccharum,Sugar maple,Forest,919,SRR29444496,SAMN41875917,SRS21660553,SRX24956900,46349.0,2024-06-19 01:01:48,PAIRED,on_SRA,used_in_analysis
SM9Inner_16S_S920,SM9Inner,16S,SM9,Inner,Wood,ACSA,Acer saccharum,Sugar maple,Forest,920,SRR37184718,SAMN55210122,SRS28055347,SRX32122387,35557.0,2026-02-10 18:20:34,PAIRED,on_SRA,used_in_analysis
SM9Inner_ITS_S921,SM9Inner,ITS,SM9,Inner,Wood,ACSA,Acer saccharum,Sugar maple,Forest,921,SRR29444494,SAMN41875919,SRS21660556,SRX24956902,41443.0,2024-06-18 00:31:59,PAIRED,on_SRA,used_in_analysis
SM9Mineral_16S_S922,SM9Mineral,16S,SM9,Mineral,Soil,ACSA,Acer saccharum,Sugar maple,Forest,922,SRR37184712,SAMN55210124,SRS28055348,SRX32122388,28796.0,2026-02-10 18:20:37,PAIRED,on_SRA,used_in_analysis
SM9Mineral_ITS_S923,SM9Mineral,ITS,SM9,Mineral,Soil,ACSA,Acer saccharum,Sugar maple,Forest,923,SRR29444493,SAMN41875921,SRS21660557,SRX24956903,7641.0,2024-06-18 00:31:59,PAIRED,on_SRA,used_in_analysis
SM9Organic_16S_S924,SM9Organic,16S,SM9,Organic,Soil,ACSA,Acer saccharum,Sugar maple,Forest,924,SRR37184709,SAMN55210126,SRS28055356,SRX32122396,24006.0,2026-02-10 18:20:38,PAIRED,on_SRA,used_in_analysis
SM9Organic_ITS_S925,SM9Organic,ITS,SM9,Organic,Soil,ACSA,Acer saccharum,Sugar maple,Forest,925,SRR29444492,SAMN41875923,SRS21660558,SRX24956904,55144.0,2024-06-18 02:52:04,PAIRED,on_SRA,used_in_analysis
SM9Outer_16S_S926,SM9Outer,16S,SM9,Outer,Wood,ACSA,Acer saccharum,Sugar maple,Forest,926,SRR37184707,SAMN55210128,SRS28055357,SRX32122398,15089.0,2026-02-10 18:20:32,PAIRED,on_SRA,used_in_analysis
SM9Outer_ITS_S927,SM9Outer,ITS,SM9,Outer,Wood,ACSA,Acer saccharum,Sugar maple,Forest,927,SRR29444491,SAMN41875925,SRS21660560,SRX24956905,34302.0,2024-06-19 01:01:48,PAIRED,on_SRA,used_in_analysis
UnknownACSASM1orACRURMS1_16S_S928,UnknownACSASM1orACRURMS1,16S,UnknownACSASM1orACRURMS1,,,,,,Forest,928,,,,,,,,missing_from_SRA,excluded
UnknownACSASM1orACRURMS1_ITS_S929,UnknownACSASM1orACRURMS1,ITS,UnknownACSASM1orACRURMS1,,,,,,Forest,929,,,,,,,,missing_from_SRA,excluded
WA1Inner_16S_S992,WA1Inner,16S,WA1,Inner,Wood,FRAM,Fraxinus americana,White ash,Forest,992,SRR37184645,SAMN55210194,SRS28055423,SRX32122460,24135.0,2026-02-10 18:20:32,PAIRED,on_SRA,used_in_analysis
WA1Inner_ITS_S993,WA1Inner,ITS,WA1,Inner,Wood,FRAM,Fraxinus americana,White ash,Forest,993,SRR29444620,SAMN41875989,SRS21660429,SRX24956776,38191.0,2024-06-18 00:24:55,PAIRED,on_SRA,used_in_analysis
WA1Mineral_16S_S994,WA1Mineral,16S,WA1,Mineral,Soil,FRAM,Fraxinus americana,White ash,Forest,994,SRR37184644,SAMN55210196,SRS28055421,SRX32122461,34311.0,2026-02-10 18:20:32,PAIRED,on_SRA,used_in_analysis
WA1Mineral_ITS_S995,WA1Mineral,ITS,WA1,Mineral,Soil,FRAM,Fraxinus americana,White ash,Forest,995,SRR29444619,SAMN41875991,SRS21660430,SRX24956777,41215.0,2024-06-18 01:32:24,PAIRED,on_SRA,used_in_analysis
WA1Organic_16S_S996,WA1Organic,16S,WA1,Organic,Soil,FRAM,Fraxinus americana,White ash,Forest,996,SRR37184643,SAMN55210198,SRS28055420,SRX32122462,48485.0,2026-02-10 18:20:33,PAIRED,on_SRA,used_in_analysis
WA1Organic_ITS_S997,WA1Organic,ITS,WA1,Organic,Soil,FRAM,Fraxinus americana,White ash,Forest,997,SRR29444618,SAMN41875993,SRS21660433,SRX24956778,33266.0,2024-06-18 00:24:55,PAIRED,on_SRA,used_in_analysis
WA1Outer_16S_S998,WA1Outer,16S,WA1,Outer,Wood,FRAM,Fraxinus americana,White ash,Forest,998,SRR37184642,SAMN55210200,SRS28055422,SRX32122463,49028.0,2026-02-10 18:20:34,PAIRED,on_SRA,used_in_analysis
WA1Outer_ITS_S999,WA1Outer,ITS,WA1,Outer,Wood,FRAM,Fraxinus americana,White ash,Forest,999,SRR29444617,SAMN41875995,SRS21660432,SRX24956779,48215.0,2024-06-18 01:32:24,PAIRED,on_SRA,used_in_analysis
WA10Inner_16S_S960,WA10Inner,16S,WA10,Inner,Wood,FRAM,Fraxinus americana,White ash,Forest,960,SRR37184691,SAMN55210162,SRS28055374,SRX32122414,19595.0,2026-02-10 18:20:35,PAIRED,on_SRA,used_in_analysis
WA10Inner_ITS_S961,WA10Inner,ITS,WA10,Inner,Wood,FRAM,Fraxinus americana,White ash,Forest,961,SRR29444638,SAMN41875957,SRS21660913,SRX24957258,25838.0,2024-06-18 01:10:05,PAIRED,on_SRA,used_in_analysis
WA10Mineral_16S_S962,WA10Mineral,16S,WA10,Mineral,Soil,FRAM,Fraxinus americana,White ash,Forest,962,SRR37184689,SAMN55210164,SRS28055376,SRX32122416,25626.0,2026-02-10 18:20:37,PAIRED,on_SRA,used_in_analysis
WA10Mineral_ITS_S963,WA10Mineral,ITS,WA10,Mineral,Soil,FRAM,Fraxinus americana,White ash,Forest,963,SRR29444636,SAMN41875959,SRS21660914,SRX24957260,38894.0,2024-06-18 01:32:30,PAIRED,on_SRA,used_in_analysis
WA10Organic_16S_S964,WA10Organic,16S,WA10,Organic,Soil,FRAM,Fraxinus americana,White ash,Forest,964,SRR37184688,SAMN55210166,SRS28055377,SRX32122417,42236.0,2026-02-10 18:20:35,PAIRED,on_SRA,used_in_analysis
WA10Organic_ITS_S965,WA10Organic,ITS,WA10,Organic,Soil,FRAM,Fraxinus americana,White ash,Forest,965,SRR29444635,SAMN41875961,SRS21660915,SRX24957261,38786.0,2024-06-19 01:01:55,PAIRED,on_SRA,used_in_analysis
WA10Outer_16S_S966,WA10Outer,16S,WA10,Outer,Wood,FRAM,Fraxinus americana,White ash,Forest,966,SRR37184687,SAMN55210168,SRS28055378,SRX32122418,45919.0,2026-02-10 18:20:33,PAIRED,on_SRA,used_in_analysis
WA10Outer_ITS_S967,WA10Outer,ITS,WA10,Outer,Wood,FRAM,Fraxinus americana,White ash,Forest,967,SRR29444634,SAMN41875963,SRS21660916,SRX24957262,31368.0,2024-06-18 01:10:05,PAIRED,on_SRA,used_in_analysis
WA101Inner_16S_S930,WA101Inner,16S,WA101,Inner,Wood,FRAM,Fraxinus americana,White ash,Forest,930,SRR37184708,SAMN55210132,SRS28055358,SRX32122397,41206.0,2026-02-10 18:20:36,PAIRED,on_SRA,used_in_analysis
WA101Inner_ITS_S931,WA101Inner,ITS,WA101,Inner,Wood,FRAM,Fraxinus americana,White ash,Forest,931,SRR29444490,SAMN41875927,SRS21660559,SRX24956906,27322.0,2024-06-19 01:01:48,PAIRED,on_SRA,used_in_analysis
WA101Mineral_16S_S932,WA101Mineral,16S,WA101,Mineral,Soil,FRAM,Fraxinus americana,White ash,Forest,932,SRR37184706,SAMN55210134,SRS28055359,SRX32122399,20663.0,2026-02-10 18:20:35,PAIRED,on_SRA,used_in_analysis
WA101Mineral_ITS_S933,WA101Mineral,ITS,WA101,Mineral,Soil,FRAM,Fraxinus americana,White ash,Forest,933,SRR29444489,SAMN41875929,SRS21660561,SRX24956907,34582.0,2024-06-18 00:31:59,PAIRED,on_SRA,used_in_analysis
WA101Organic_16S_S934,WA101Organic,16S,WA101,Organic,Soil,FRAM,Fraxinus americana,White ash,Forest,934,SRR37184705,SAMN55210136,SRS28055360,SRX32122400,44294.0,2026-02-10 18:20:38,PAIRED,on_SRA,used_in_analysis
WA101Organic_ITS_S935,WA101Organic,ITS,WA101,Organic,Soil,FRAM,Fraxinus americana,White ash,Forest,935,SRR29444488,SAMN41875931,SRS21660562,SRX24956908,34787.0,2024-06-18 02:52:04,PAIRED,on_SRA,used_in_analysis
WA101Outer_16S_S936,WA101Outer,16S,WA101,Outer,Wood,FRAM,Fraxinus americana,White ash,Forest,936,SRR37184704,SAMN55210138,SRS28055361,SRX32122401,51121.0,2026-02-10 18:20:37,PAIRED,on_SRA,used_in_analysis
WA101Outer_ITS_S937,WA101Outer,ITS,WA101,Outer,Wood,FRAM,Fraxinus americana,White ash,Forest,937,SRR29444487,SAMN41875933,SRS21660564,SRX24956909,49618.0,2024-06-18 02:52:04,PAIRED,on_SRA,used_in_analysis
WA102Inner_16S_S938,WA102Inner,16S,WA102,Inner,Wood,FRAM,Fraxinus americana,White ash,Forest,938,SRR37184703,SAMN55210140,SRS28055362,SRX32122402,19279.0,2026-02-10 18:20:37,PAIRED,on_SRA,used_in_analysis
WA102Inner_ITS_S939,WA102Inner,ITS,WA102,Inner,Wood,FRAM,Fraxinus americana,White ash,Forest,939,SRR29444486,SAMN41875935,SRS21660563,SRX24956910,30928.0,2024-06-18 00:31:59,PAIRED,on_SRA,used_in_analysis
WA102Outer90a_16S_S940,WA102Outer90a,16S,WA102,Outer,Wood,FRAM,Fraxinus americana,White ash,Forest,940,SRR37184702,SAMN55210142,SRS28055363,SRX32122403,45817.0,2026-02-10 18:20:37,PAIRED,on_SRA,excluded
WA102Outer90a_ITS_S941,WA102Outer90a,ITS,WA102,Outer,Wood,FRAM,Fraxinus americana,White ash,Forest,941,SRR29444485,SAMN41875937,SRS21660565,SRX24956911,40974.0,2024-06-18 00:31:59,PAIRED,on_SRA,used_in_analysis
WA102Outer91a_16S_S942,WA102Outer91a,16S,WA102,Outer,Wood,FRAM,Fraxinus americana,White ash,Forest,942,SRR37184700,SAMN55210144,SRS28055365,SRX32122405,67290.0,2026-02-10 18:20:35,PAIRED,on_SRA,excluded
WA102Outer91a_ITS_S943,WA102Outer91a,ITS,WA102,Outer,Wood,FRAM,Fraxinus americana,White ash,Forest,943,SRR29444483,SAMN41875939,SRS21660570,SRX24956913,61069.0,2024-06-18 02:52:05,PAIRED,on_SRA,used_in_analysis
WA103Inner_16S_S944,WA103Inner,16S,WA103,Inner,Wood,FRAM,Fraxinus americana,White ash,Forest,944,SRR37184699,SAMN55210146,SRS28055366,SRX32122406,25502.0,2026-02-10 18:20:34,PAIRED,on_SRA,used_in_analysis
WA103Inner_ITS_S945,WA103Inner,ITS,WA103,Inner,Wood,FRAM,Fraxinus americana,White ash,Forest,945,SRR29444482,SAMN41875941,SRS21660568,SRX24956914,24020.0,2024-06-18 02:52:05,PAIRED,on_SRA,used_in_analysis
WA103Outer_16S_S946,WA103Outer,16S,WA103,Outer,Wood,FRAM,Fraxinus americana,White ash,Forest,946,SRR37184698,SAMN55210148,SRS28055367,SRX32122407,32802.0,2026-02-10 18:20:32,PAIRED,on_SRA,used_in_analysis
WA103Outer_ITS_S947,WA103Outer,ITS,WA103,Outer,Wood,FRAM,Fraxinus americana,White ash,Forest,947,SRR29444481,SAMN41875943,SRS21660567,SRX24956915,39717.0,2024-06-18 02:52:05,PAIRED,on_SRA,used_in_analysis
WA103starInner_16S_S948,WA103starInner,16S,WA103star,Inner,Wood,FRAM,Fraxinus americana,White ash,Forest,948,SRR37184696,SAMN55210150,SRS28055369,SRX32122409,30847.0,2026-02-10 18:20:38,PAIRED,on_SRA,used_in_analysis
WA103starInner_ITS_S949,WA103starInner,ITS,WA103star,Inner,Wood,FRAM,Fraxinus americana,White ash,Forest,949,SRR29444480,SAMN41875945,SRS21660569,SRX24956916,35122.0,2024-06-18 00:32:00,PAIRED,on_SRA,used_in_analysis
WA103starOuter_16S_S950,WA103starOuter,16S,WA103star,Outer,Wood,FRAM,Fraxinus americana,White ash,Forest,950,SRR37184697,SAMN55210152,SRS28055368,SRX32122408,21596.0,2026-02-10 18:20:40,PAIRED,on_SRA,used_in_analysis
WA103starOuter_ITS_S951,WA103starOuter,ITS,WA103star,Outer,Wood,FRAM,Fraxinus americana,White ash,Forest,951,SRR29444479,SAMN41875947,SRS21660573,SRX24956917,25400.0,2024-06-18 00:32:00,PAIRED,on_SRA,used_in_analysis
WA104InsideRot_16S_S952,WA104InsideRot,16S,WA104,InsideRot,Wood,FRAM,Fraxinus americana,White ash,Forest,952,SRR37184695,SAMN55210154,SRS28055370,SRX32122410,33703.0,2026-02-10 18:20:34,PAIRED,on_SRA,excluded
WA104InsideRot_ITS_S953,WA104InsideRot,ITS,WA104,InsideRot,Wood,FRAM,Fraxinus americana,White ash,Forest,953,SRR29444478,SAMN41875949,SRS21660574,SRX24956918,23024.0,2024-06-18 00:32:00,PAIRED,on_SRA,excluded
WA104Mineral_16S_S954,WA104Mineral,16S,WA104,Mineral,Soil,FRAM,Fraxinus americana,White ash,Forest,954,SRR37184694,SAMN55210156,SRS28055371,SRX32122411,27009.0,2026-02-10 18:20:34,PAIRED,on_SRA,used_in_analysis
WA104Mineral_ITS_S955,WA104Mineral,ITS,WA104,Mineral,Soil,FRAM,Fraxinus americana,White ash,Forest,955,SRR29444477,SAMN41875951,SRS21660572,SRX24956919,34095.0,2024-06-18 00:32:00,PAIRED,on_SRA,used_in_analysis
WA104Organic_16S_S956,WA104Organic,16S,WA104,Organic,Soil,FRAM,Fraxinus americana,White ash,Forest,956,SRR37184693,SAMN55210158,SRS28055372,SRX32122412,38014.0,2026-02-10 18:20:37,PAIRED,on_SRA,used_in_analysis
WA104Organic_ITS_S957,WA104Organic,ITS,WA104,Organic,Soil,FRAM,Fraxinus americana,White ash,Forest,957,SRR29444476,SAMN41875953,SRS21660571,SRX24956920,58552.0,2024-06-18 00:32:00,PAIRED,on_SRA,used_in_analysis
WA104Outer_16S_S958,WA104Outer,16S,WA104,Outer,Wood,FRAM,Fraxinus americana,White ash,Forest,958,SRR37184692,SAMN55210160,SRS28055373,SRX32122413,36080.0,2026-02-10 18:20:33,PAIRED,on_SRA,used_in_analysis
WA104Outer_ITS_S959,WA104Outer,ITS,WA104,Outer,Wood,FRAM,Fraxinus americana,White ash,Forest,959,SRR29444639,SAMN41875955,SRS21660910,SRX24957257,30873.0,2024-06-18 01:32:30,PAIRED,on_SRA,used_in_analysis
WA12Inner_16S_S968,WA12Inner,16S,WA12,Inner,Wood,FRAM,Fraxinus americana,White ash,Forest,968,SRR37184685,SAMN55210170,SRS28055380,SRX32122420,17250.0,2026-02-10 18:20:32,PAIRED,on_SRA,used_in_analysis
WA12Inner_ITS_S969,WA12Inner,ITS,WA12,Inner,Wood,FRAM,Fraxinus americana,White ash,Forest,969,SRR29444632,SAMN41875965,SRS21660419,SRX24956764,8038.0,2024-06-18 01:32:24,PAIRED,on_SRA,used_in_analysis
WA12Mineral_16S_S970,WA12Mineral,16S,WA12,Mineral,Soil,FRAM,Fraxinus americana,White ash,Forest,970,SRR37184686,SAMN55210172,SRS28055379,SRX32122419,39701.0,2026-02-10 18:20:36,PAIRED,on_SRA,used_in_analysis
WA12Mineral_ITS_S971,WA12Mineral,ITS,WA12,Mineral,Soil,FRAM,Fraxinus americana,White ash,Forest,971,SRR29444633,SAMN41875967,SRS21660417,SRX24956763,45074.0,2024-06-18 01:32:24,PAIRED,on_SRA,used_in_analysis
WA12Organic_16S_S972,WA12Organic,16S,WA12,Organic,Soil,FRAM,Fraxinus americana,White ash,Forest,972,SRR37184684,SAMN55210174,SRS28055382,SRX32122421,46438.0,2026-02-10 18:20:35,PAIRED,on_SRA,used_in_analysis
WA12Organic_ITS_S973,WA12Organic,ITS,WA12,Organic,Soil,FRAM,Fraxinus americana,White ash,Forest,973,SRR29444631,SAMN41875969,SRS21660420,SRX24956765,51984.0,2024-06-18 01:10:01,PAIRED,on_SRA,used_in_analysis
WA12Outer_16S_S974,WA12Outer,16S,WA12,Outer,Wood,FRAM,Fraxinus americana,White ash,Forest,974,SRR37184683,SAMN55210176,SRS28055381,SRX32122422,26252.0,2026-02-10 18:20:33,PAIRED,on_SRA,used_in_analysis
WA12Outer_ITS_S975,WA12Outer,ITS,WA12,Outer,Wood,FRAM,Fraxinus americana,White ash,Forest,975,SRR29444630,SAMN41875971,SRS21660421,SRX24956766,40496.0,2024-06-18 01:32:24,PAIRED,on_SRA,used_in_analysis
WA14Inner96c_16S_S976,WA14Inner96c,16S,WA14,Inner,Wood,FRAM,Fraxinus americana,White ash,Forest,976,SRR37184654,SAMN55210178,SRS28055409,SRX32122451,14654.0,2026-02-10 18:20:35,PAIRED,on_SRA,excluded
WA14Inner96c_ITS_S977,WA14Inner96c,ITS,WA14,Inner,Wood,FRAM,Fraxinus americana,White ash,Forest,977,SRR29444629,SAMN41875973,SRS21660424,SRX24956767,6288.0,2024-06-18 02:52:02,PAIRED,on_SRA,used_in_analysis
WA14Inner97c_16S_S978,WA14Inner97c,16S,WA14,Inner,Wood,FRAM,Fraxinus americana,White ash,Forest,978,SRR37184653,SAMN55210180,SRS28055412,SRX32122452,15851.0,2026-02-10 18:20:37,PAIRED,on_SRA,excluded
WA14Inner97c_ITS_S979,WA14Inner97c,ITS,WA14,Inner,Wood,FRAM,Fraxinus americana,White ash,Forest,979,SRR29444628,SAMN41875975,SRS21660422,SRX24956768,3973.0,2024-06-18 01:32:24,PAIRED,on_SRA,used_in_analysis
WA14Outer96a_16S_S980,WA14Outer96a,16S,WA14,Outer,Wood,FRAM,Fraxinus americana,White ash,Forest,980,SRR37184652,SAMN55210182,SRS28055413,SRX32122453,21013.0,2026-02-10 18:20:31,PAIRED,on_SRA,excluded
WA14Outer96a_ITS_S981,WA14Outer96a,ITS,WA14,Outer,Wood,FRAM,Fraxinus americana,White ash,Forest,981,SRR29444627,SAMN41875977,SRS21660423,SRX24956769,31018.0,2024-06-18 01:10:01,PAIRED,on_SRA,used_in_analysis
WA14Outer97a_16S_S982,WA14Outer97a,16S,WA14,Outer,Wood,FRAM,Fraxinus americana,White ash,Forest,982,SRR37184650,SAMN55210184,SRS28055414,SRX32122455,19912.0,2026-02-10 18:20:32,PAIRED,on_SRA,excluded
WA14Outer97a_ITS_S983,WA14Outer97a,ITS,WA14,Outer,Wood,FRAM,Fraxinus americana,White ash,Forest,983,SRR29444625,SAMN41875979,SRS21660425,SRX24956771,30940.0,2024-06-18 01:10:01,PAIRED,on_SRA,used_in_analysis
WA15Inner_16S_S984,WA15Inner,16S,WA15,Inner,Wood,FRAM,Fraxinus americana,White ash,Forest,984,SRR37184649,SAMN55210186,SRS28055416,SRX32122456,19383.0,2026-02-10 18:20:31,PAIRED,on_SRA,used_in_analysis
WA15Inner_ITS_S985,WA15Inner,ITS,WA15,Inner,Wood,FRAM,Fraxinus americana,White ash,Forest,985,SRR29444624,SAMN41875981,SRS21660426,SRX24956772,31450.0,2024-06-18 01:10:02,PAIRED,on_SRA,used_in_analysis
WA15Mineral_16S_S986,WA15Mineral,16S,WA15,Mineral,Soil,FRAM,Fraxinus americana,White ash,Forest,986,SRR37184648,SAMN55210188,SRS28055417,SRX32122457,28164.0,2026-02-10 18:20:31,PAIRED,on_SRA,used_in_analysis
WA15Mineral_ITS_S987,WA15Mineral,ITS,WA15,Mineral,Soil,FRAM,Fraxinus americana,White ash,Forest,987,SRR29444623,SAMN41875983,SRS21660427,SRX24956773,34568.0,2024-06-18 00:19:52,PAIRED,on_SRA,used_in_analysis
WA15Organic_16S_S988,WA15Organic,16S,WA15,Organic,Soil,FRAM,Fraxinus americana,White ash,Forest,988,SRR37184647,SAMN55210190,SRS28055419,SRX32122458,48750.0,2026-02-10 18:20:35,PAIRED,on_SRA,used_in_analysis
WA15Organic_ITS_S989,WA15Organic,ITS,WA15,Organic,Soil,FRAM,Fraxinus americana,White ash,Forest,989,SRR29444621,SAMN41875985,SRS21660428,SRX24956775,43251.0,2024-06-18 01:32:24,PAIRED,on_SRA,used_in_analysis
WA15Outer_16S_S990,WA15Outer,16S,WA15,Outer,Wood,FRAM,Fraxinus americana,White ash,Forest,990,SRR37184646,SAMN55210192,SRS28055418,SRX32122459,39642.0,2026-02-10 18:20:36,PAIRED,on_SRA,used_in_analysis
WA15Outer_ITS_S991,WA15Outer,ITS,WA15,Outer,Wood,FRAM,Fraxinus americana,White ash,Forest,991,SRR29444622,SAMN41875987,SRS21660431,SRX24956774,26099.0,2024-06-18 00:24:55,PAIRED,on_SRA,used_in_analysis
WA5Inner_16S_S1000,WA5Inner,16S,WA5,Inner,Wood,FRAM,Fraxinus americana,White ash,Forest,1000,SRR37184641,SAMN55210202,SRS28055424,SRX32122464,27595.0,2026-02-10 18:20:31,PAIRED,on_SRA,used_in_analysis
WA5Inner_ITS_S1001,WA5Inner,ITS,WA5,Inner,Wood,FRAM,Fraxinus americana,White ash,Forest,1001,SRR37072217; SRR29444616,SAMN41875998; SAMN41875997,SRS27959136; SRS21660434,SRX32018339; SRX24956780,84216.0,2024-06-18 00:24:55; 2026-02-03 23:30:48,PAIRED; SINGLE,on_SRA,used_in_analysis
WA5Mineral_16S_S1002,WA5Mineral,16S,WA5,Mineral,Soil,FRAM,Fraxinus americana,White ash,Forest,1002,SRR37184639,SAMN55210204,SRS28055425,SRX32122466,30145.0,2026-02-10 18:20:35,PAIRED,on_SRA,used_in_analysis
WA5Mineral_ITS_S1003,WA5Mineral,ITS,WA5,Mineral,Soil,FRAM,Fraxinus americana,White ash,Forest,1003,SRR37072216,SAMN42320930,SRS27959137,SRX32018340,70456.0,2026-02-04 00:22:40,PAIRED,on_SRA,used_in_analysis
WA5Organic_16S_S1004,WA5Organic,16S,WA5,Organic,Soil,FRAM,Fraxinus americana,White ash,Forest,1004,SRR37184638,SAMN55210206,SRS28055427,SRX32122467,43409.0,2026-02-10 18:20:36,PAIRED,on_SRA,used_in_analysis
WA5Organic_ITS_S1005,WA5Organic,ITS,WA5,Organic,Soil,FRAM,Fraxinus americana,White ash,Forest,1005,SRR37072105,SAMN42320932,SRS27959248,SRX32018451,56729.0,2026-02-04 00:28:53,PAIRED,on_SRA,used_in_analysis
WA5Outer_16S_S1006,WA5Outer,16S,WA5,Outer,Wood,FRAM,Fraxinus americana,White ash,Forest,1006,SRR37184637,SAMN55210208,SRS28055428,SRX32122468,14715.0,2026-02-10 18:20:34,PAIRED,on_SRA,used_in_analysis
WA5Outer_ITS_S1007,WA5Outer,ITS,WA5,Outer,Wood,FRAM,Fraxinus americana,White ash,Forest,1007,SRR37071799,SAMN42320934,SRS27959052,SRX32018255,20141.0,2026-02-04 00:20:38,PAIRED,on_SRA,used_in_analysis
WAX1Inner_16S_S1008,WAX1Inner,16S,WAX1,Inner,Wood,FRAM,Fraxinus americana,White ash,Forest,1008,SRR37184636,SAMN55210210,SRS28055429,SRX32122469,30671.0,2026-02-10 18:20:35,PAIRED,on_SRA,used_in_analysis
WAX1Inner_ITS_S1009,WAX1Inner,ITS,WAX1,Inner,Wood,FRAM,Fraxinus americana,White ash,Forest,1009,SRR37071855,SAMN42320936,SRS27959108,SRX32018310,5762.0,2026-02-04 00:22:40,PAIRED,on_SRA,used_in_analysis
WAX1Outer_16S_S1010,WAX1Outer,16S,WAX1,Outer,Wood,FRAM,Fraxinus americana,White ash,Forest,1010,SRR37184635,SAMN55210212,SRS28055431,SRX32122470,50150.0,2026-02-10 18:20:33,PAIRED,on_SRA,used_in_analysis
WAX1Outer_ITS_S1011,WAX1Outer,ITS,WAX1,Outer,Wood,FRAM,Fraxinus americana,White ash,Forest,1011,SRR37071824,SAMN42320938,SRS27959027,SRX32018230,45811.0,2026-02-04 00:30:40,PAIRED,on_SRA,used_in_analysis
WMAVan_16S_S1012,WMAVan,16S,WMA,Van,Other,,,,Forest,1012,SRR37184634,SAMN55210214,SRS28055430,SRX32122471,12587.0,2026-02-10 18:20:31,PAIRED,on_SRA,excluded
WMAVan_ITS_S1013,WMAVan,ITS,WMA,Van,Other,,,,Forest,1013,SRR37072215,SAMN42320939,SRS27959138,SRX32018341,1231.0,2026-02-04 00:32:36,PAIRED,on_SRA,excluded
WO1Inner_16S_S1014,WO1Inner,16S,WO1,Inner,Wood,QUAL,Quercus alba,White oak,Forest,1014,SRR37184626,SAMN55210224,SRS28055207,SRX32122246,27726.0,2026-02-10 18:20:31,PAIRED,on_SRA,used_in_analysis
WO1Inner_ITS_S1015,WO1Inner,ITS,WO1,Inner,Wood,QUAL,Quercus alba,White oak,Forest,1015,SRR37072204,SAMN42320941,SRS27959149,SRX32018352,2262.0,2026-02-04 00:28:53,PAIRED,on_SRA,used_in_analysis
WO1Mineral_16S_S1016,WO1Mineral,16S,WO1,Mineral,Soil,QUAL,Quercus alba,White oak,Forest,1016,SRR37184570,SAMN55210226,SRS28055264,SRX32122302,31587.0,2026-02-10 18:20:32,PAIRED,on_SRA,used_in_analysis
WO1Mineral_ITS_S1017,WO1Mineral,ITS,WO1,Mineral,Soil,QUAL,Quercus alba,White oak,Forest,1017,SRR37072188,SAMN42320944,SRS27959170,SRX32018368,50324.0,2026-02-04 00:39:46,PAIRED,on_SRA,used_in_analysis
WO1Organic_16S_S1018,WO1Organic,16S,WO1,Organic,Soil,QUAL,Quercus alba,White oak,Forest,1018,SRR37184548,SAMN55210228,SRS28055283,SRX32122324,43315.0,2026-02-10 18:20:30,PAIRED,on_SRA,used_in_analysis
WO1Organic_ITS_S1019,WO1Organic,ITS,WO1,Organic,Soil,QUAL,Quercus alba,White oak,Forest,1019,SRR37072177,SAMN42320946,SRS27959176,SRX32018379,65864.0,2026-02-04 00:39:46,PAIRED,on_SRA,used_in_analysis
WO1Outer_16S_S1020,WO1Outer,16S,WO1,Outer,Wood,QUAL,Quercus alba,White oak,Forest,1020,SRR37184537,SAMN55210230,SRS28055295,SRX32122335,37174.0,2026-02-10 18:20:29,PAIRED,on_SRA,used_in_analysis
WO1Outer_ITS_S1021,WO1Outer,ITS,WO1,Outer,Wood,QUAL,Quercus alba,White oak,Forest,1021,SRR37072166,SAMN42320948,SRS27959187,SRX32018390,57267.0,2026-02-04 00:11:10,PAIRED,on_SRA,used_in_analysis
WP101Inner_16S_S1022,WP101Inner,16S,WP101,Inner,Wood,PIST,Pinus strobus,Eastern white pine,Forest,1022,SRR37184526,SAMN55210232,SRS28055306,SRX32122346,25029.0,2026-02-10 18:20:31,PAIRED,on_SRA,used_in_analysis
WP101Inner_ITS_S1023,WP101Inner,ITS,WP101,Inner,Wood,PIST,Pinus strobus,Eastern white pine,Forest,1023,SRR37072155,SAMN42320950,SRS27959198,SRX32018401,7899.0,2026-02-04 00:28:53,PAIRED,on_SRA,used_in_analysis
WP101Mineral_16S_S1024,WP101Mineral,16S,WP101,Mineral,Soil,PIST,Pinus strobus,Eastern white pine,Forest,1024,SRR37184625,SAMN55210234,SRS28055206,SRX32122247,21596.0,2026-02-10 18:20:31,PAIRED,on_SRA,used_in_analysis
WP101Mineral_ITS_S1025,WP101Mineral,ITS,WP101,Mineral,Soil,PIST,Pinus strobus,Eastern white pine,Forest,1025,SRR37072144,SAMN42320952,SRS27959209,SRX32018412,65653.0,2026-02-04 00:29:26,PAIRED,on_SRA,used_in_analysis
WP101Organic_16S_S1026,WP101Organic,16S,WP101,Organic,Soil,PIST,Pinus strobus,Eastern white pine,Forest,1026,SRR37184614,SAMN55210236,SRS28055218,SRX32122258,57338.0,2026-02-10 18:20:32,PAIRED,on_SRA,used_in_analysis
WP101Organic_ITS_S1027,WP101Organic,ITS,WP101,Organic,Soil,PIST,Pinus strobus,Eastern white pine,Forest,1027,SRR37072133,SAMN42320954,SRS27959220,SRX32018423,68488.0,2026-02-04 00:47:19,PAIRED,on_SRA,used_in_analysis
WP101Outer_16S_S1028,WP101Outer,16S,WP101,Outer,Wood,PIST,Pinus strobus,Eastern white pine,Forest,1028,SRR37184603,SAMN55210238,SRS28055230,SRX32122269,29694.0,2026-02-10 18:20:29,PAIRED,on_SRA,used_in_analysis
WP101Outer_ITS_S1029,WP101Outer,ITS,WP101,Outer,Wood,PIST,Pinus strobus,Eastern white pine,Forest,1029,SRR37072123,SAMN42320956,SRS27959230,SRX32018433,24859.0,2026-02-04 00:29:25,PAIRED,on_SRA,used_in_analysis
WP102Inner_16S_S1030,WP102Inner,16S,WP102,Inner,Wood,PIST,Pinus strobus,Eastern white pine,Forest,1030,SRR37184592,SAMN55210240,SRS28055240,SRX32122280,33054.0,2026-02-10 18:20:33,PAIRED,on_SRA,used_in_analysis
WP102Inner_ITS_S1031,WP102Inner,ITS,WP102,Inner,Wood,PIST,Pinus strobus,Eastern white pine,Forest,1031,SRR37072111,SAMN42320958,SRS27959242,SRX32018445,45687.0,2026-02-04 00:29:25,PAIRED,on_SRA,used_in_analysis
WP102Outer_16S_S1032,WP102Outer,16S,WP102,Outer,Wood,PIST,Pinus strobus,Eastern white pine,Forest,1032,SRR37184581,SAMN55210242,SRS28055251,SRX32122291,29316.0,2026-02-10 18:20:28,PAIRED,on_SRA,used_in_analysis
WP102Outer_ITS_S1033,WP102Outer,ITS,WP102,Outer,Wood,PIST,Pinus strobus,Eastern white pine,Forest,1033,SRR37072099,SAMN42320960,SRS27959254,SRX32018457,30990.0,2026-02-04 00:10:55,PAIRED,on_SRA,used_in_analysis
WP103Inner_16S_S1034,WP103Inner,16S,WP103,Inner,Wood,PIST,Pinus strobus,Eastern white pine,Forest,1034,SRR37184569,SAMN55210244,SRS28055261,SRX32122303,24687.0,2026-02-10 18:20:27,PAIRED,on_SRA,used_in_analysis
WP103Inner_ITS_S1035,WP103Inner,ITS,WP103,Inner,Wood,PIST,Pinus strobus,Eastern white pine,Forest,1035,SRR37072088,SAMN42320962,SRS27959265,SRX32018468,27523.0,2026-02-04 00:39:44,PAIRED,on_SRA,used_in_analysis
WP103Mineral_16S_S1036,WP103Mineral,16S,WP103,Mineral,Soil,PIST,Pinus strobus,Eastern white pine,Forest,1036,SRR37184557,SAMN55210246,SRS28055277,SRX32122315,1966.0,2026-02-10 18:20:28,PAIRED,on_SRA,used_in_analysis
WP103Mineral_ITS_S1037,WP103Mineral,ITS,WP103,Mineral,Soil,PIST,Pinus strobus,Eastern white pine,Forest,1037,SRR37071966,SAMN42320964,SRS27959387,SRX32018590,30370.0,2026-02-04 00:39:47,PAIRED,on_SRA,used_in_analysis
WP103Organic_16S_S1038,WP103Organic,16S,WP103,Organic,Soil,PIST,Pinus strobus,Eastern white pine,Forest,1038,SRR37184556,SAMN55210248,SRS28055275,SRX32122316,186.0,2026-02-10 18:20:28,PAIRED,on_SRA,used_in_analysis
WP103Organic_ITS_S1039,WP103Organic,ITS,WP103,Organic,Soil,PIST,Pinus strobus,Eastern white pine,Forest,1039,SRR37071955,SAMN42320966,SRS27958897,SRX32018100,274.0,2026-02-04 00:29:27,PAIRED,on_SRA,used_in_analysis
WP103Outer_16S_S1040,WP103Outer,16S,WP103,Outer,Wood,PIST,Pinus strobus,Eastern white pine,Forest,1040,SRR37184554,SAMN55210250,SRS28055278,SRX32122318,14061.0,2026-02-10 18:20:27,PAIRED,on_SRA,used_in_analysis
WP103Outer_ITS_S1041,WP103Outer,ITS,WP103,Outer,Wood,PIST,Pinus strobus,Eastern white pine,Forest,1041,SRR37071944,SAMN42320968,SRS27958908,SRX32018111,13500.0,2026-02-04 00:11:10,PAIRED,on_SRA,used_in_analysis
WP2Inner_16S_S1042,WP2Inner,16S,WP2,Inner,Wood,PIST,Pinus strobus,Eastern white pine,Forest,1042,SRR37184555,SAMN55210252,SRS28055274,SRX32122317,26263.0,2026-02-10 18:20:28,PAIRED,on_SRA,used_in_analysis
WP2Inner_ITS_S1043,WP2Inner,ITS,WP2,Inner,Wood,PIST,Pinus strobus,Eastern white pine,Forest,1043,SRR37072072,SAMN42320970,SRS27959282,SRX32018485,41663.0,2026-02-04 00:39:46,PAIRED,on_SRA,used_in_analysis
WP2Mineral_16S_S1044,WP2Mineral,16S,WP2,Mineral,Soil,PIST,Pinus strobus,Eastern white pine,Forest,1044,SRR37184553,SAMN55210254,SRS28055279,SRX32122319,39699.0,2026-02-10 18:20:28,PAIRED,on_SRA,used_in_analysis
WP2Mineral_ITS_S1045,WP2Mineral,ITS,WP2,Mineral,Soil,PIST,Pinus strobus,Eastern white pine,Forest,1045,SRR37072061,SAMN42320972,SRS27959293,SRX32018496,38439.0,2026-02-04 00:47:19,PAIRED,on_SRA,used_in_analysis
WP2Organic_16S_S1046,WP2Organic,16S,WP2,Organic,Soil,PIST,Pinus strobus,Eastern white pine,Forest,1046,SRR37184552,SAMN55210256,SRS28055281,SRX32122320,56313.0,2026-02-10 18:20:29,PAIRED,on_SRA,used_in_analysis
WP2Organic_ITS_S1047,WP2Organic,ITS,WP2,Organic,Soil,PIST,Pinus strobus,Eastern white pine,Forest,1047,SRR37071882,SAMN42320974,SRS27958969,SRX32018172,50580.0,2026-02-04 00:20:37,PAIRED,on_SRA,used_in_analysis
WP2Outer_16S_S1048,WP2Outer,16S,WP2,Outer,Wood,PIST,Pinus strobus,Eastern white pine,Forest,1048,SRR37184551,SAMN55210258,SRS28055280,SRX32122321,44300.0,2026-02-10 18:20:29,PAIRED,on_SRA,used_in_analysis
WP2Outer_ITS_S1049,WP2Outer,ITS,WP2,Outer,Wood,PIST,Pinus strobus,Eastern white pine,Forest,1049,SRR37071871,SAMN42320976,SRS27958980,SRX32018183,29573.0,2026-02-04 00:28:53,PAIRED,on_SRA,used_in_analysis
WP3Inner_16S_S1050,WP3Inner,16S,WP3,Inner,Wood,PIST,Pinus strobus,Eastern white pine,Forest,1050,SRR37184550,SAMN55210260,SRS28055282,SRX32122322,32587.0,2026-02-10 18:20:28,PAIRED,on_SRA,used_in_analysis
WP3Inner_ITS_S1051,WP3Inner,ITS,WP3,Inner,Wood,PIST,Pinus strobus,Eastern white pine,Forest,1051,SRR37071860,SAMN42320978,SRS27958991,SRX32018194,31910.0,2026-02-04 00:39:45,PAIRED,on_SRA,used_in_analysis
WP3Organic_16S_S1052,WP3Organic,16S,WP3,Organic,Soil,PIST,Pinus strobus,Eastern white pine,Forest,1052,SRR37184549,SAMN55210262,SRS28055285,SRX32122323,43221.0,2026-02-10 18:20:29,PAIRED,on_SRA,used_in_analysis
WP3Organic_ITS_S1053,WP3Organic,ITS,WP3,Organic,Soil,PIST,Pinus strobus,Eastern white pine,Forest,1053,SRR37071792,SAMN42320980,SRS27959059,SRX32018262,55852.0,2026-02-04 00:29:25,PAIRED,on_SRA,used_in_analysis
WP3Outer_16S_S1054,WP3Outer,16S,WP3,Outer,Wood,PIST,Pinus strobus,Eastern white pine,Forest,1054,SRR37184547,SAMN55210264,SRS28055284,SRX32122325,35788.0,2026-02-10 18:20:29,PAIRED,on_SRA,used_in_analysis
WP3Outer_ITS_S1055,WP3Outer,ITS,WP3,Outer,Wood,PIST,Pinus strobus,Eastern white pine,Forest,1055,SRR37071781,SAMN42320982,SRS27959070,SRX32018273,53124.0,2026-02-04 00:19:04,PAIRED,on_SRA,used_in_analysis
WP4Inner_16S_S1076,WP4Inner,16S,WP4,Inner,Wood,PIST,Pinus strobus,Eastern white pine,Forest,1076,SRR37184535,SAMN55210286,SRS28055296,SRX32122337,26112.0,2026-02-10 18:20:28,PAIRED,on_SRA,used_in_analysis
WP4Inner_ITS_S1077,WP4Inner,ITS,WP4,Inner,Wood,PIST,Pinus strobus,Eastern white pine,Forest,1077,SRR37072023,SAMN42321004,SRS27959024,SRX32018227,30905.0,2026-02-04 00:22:39,PAIRED,on_SRA,used_in_analysis
WP4Organic_16S_S1078,WP4Organic,16S,WP4,Organic,Soil,PIST,Pinus strobus,Eastern white pine,Forest,1078,SRR37184534,SAMN55210288,SRS28055299,SRX32122338,42359.0,2026-02-10 18:20:28,PAIRED,on_SRA,used_in_analysis
WP4Organic_ITS_S1079,WP4Organic,ITS,WP4,Organic,Soil,PIST,Pinus strobus,Eastern white pine,Forest,1079,SRR37072012,SAMN42321006,SRS27959341,SRX32018545,54773.0,2026-02-04 00:11:11,PAIRED,on_SRA,used_in_analysis
WP4Outer_16S_S1080,WP4Outer,16S,WP4,Outer,Wood,PIST,Pinus strobus,Eastern white pine,Forest,1080,SRR37184532,SAMN55210290,SRS28055301,SRX32122340,32372.0,2026-02-10 18:20:29,PAIRED,on_SRA,used_in_analysis
WP4Outer_ITS_S1081,WP4Outer,ITS,WP4,Outer,Wood,PIST,Pinus strobus,Eastern white pine,Forest,1081,SRR37072001,SAMN42321008,SRS27959353,SRX32018556,27618.0,2026-02-04 00:22:40,PAIRED,on_SRA,used_in_analysis
WP401Inner_16S_S201,WP401Inner,16S,WP401,Inner,Wood,PIST,Pinus strobus,Eastern white pine,Forest,201,,,,,,,,missing_from_SRA,used_in_analysis
WP401Inner_ITS_S203,WP401Inner,ITS,WP401,Inner,Wood,PIST,Pinus strobus,Eastern white pine,Forest,203,,,,,,,,missing_from_SRA,used_in_analysis
WP401Mineral_16S_S1056,WP401Mineral,16S,WP401,Mineral,Soil,PIST,Pinus strobus,Eastern white pine,Forest,1056,SRR37184546,SAMN55210266,SRS28055286,SRX32122326,40303.0,2026-02-10 18:20:29,PAIRED,on_SRA,used_in_analysis
WP401Mineral_ITS_S1057,WP401Mineral,ITS,WP401,Mineral,Soil,PIST,Pinus strobus,Eastern white pine,Forest,1057,SRR37071938,SAMN42320984,SRS27958913,SRX32018116,38798.0,2026-02-04 00:19:03,PAIRED,on_SRA,used_in_analysis
WP401Organic_16S_S1058,WP401Organic,16S,WP401,Organic,Soil,PIST,Pinus strobus,Eastern white pine,Forest,1058,SRR37184545,SAMN55210268,SRS28055290,SRX32122327,57659.0,2026-02-10 18:20:27,PAIRED,on_SRA,used_in_analysis
WP401Organic_ITS_S1059,WP401Organic,ITS,WP401,Organic,Soil,PIST,Pinus strobus,Eastern white pine,Forest,1059,SRR37071927,SAMN42320986,SRS27958924,SRX32018127,55318.0,2026-02-04 00:39:45,PAIRED,on_SRA,used_in_analysis
WP401Outer_16S_S204,WP401Outer,16S,WP401,Outer,Wood,PIST,Pinus strobus,Eastern white pine,Forest,204,,,,,,,,missing_from_SRA,used_in_analysis
WP401Outer_ITS_S206,WP401Outer,ITS,WP401,Outer,Wood,PIST,Pinus strobus,Eastern white pine,Forest,206,,,,,,,,missing_from_SRA,used_in_analysis
WP402Inner_16S_S1060,WP402Inner,16S,WP402,Inner,Wood,PIST,Pinus strobus,Eastern white pine,Forest,1060,SRR37184543,SAMN55210270,SRS28055288,SRX32122329,27264.0,2026-02-10 18:20:29,PAIRED,on_SRA,used_in_analysis
WP402Inner_ITS_S1061,WP402Inner,ITS,WP402,Inner,Wood,PIST,Pinus strobus,Eastern white pine,Forest,1061,SRR37071921,SAMN42320987,SRS27958930,SRX32018133,1494.0,2026-02-04 00:39:45,PAIRED,on_SRA,used_in_analysis
WP402Mineral_16S_S1062,WP402Mineral,16S,WP402,Mineral,Soil,PIST,Pinus strobus,Eastern white pine,Forest,1062,SRR37184544,SAMN55210272,SRS28055289,SRX32122328,37524.0,2026-02-10 18:20:29,PAIRED,on_SRA,used_in_analysis
WP402Mineral_ITS_S1063,WP402Mineral,ITS,WP402,Mineral,Soil,PIST,Pinus strobus,Eastern white pine,Forest,1063,SRR37072045,SAMN42320990,SRS27959309,SRX32018512,43400.0,2026-02-04 00:47:19,PAIRED,on_SRA,used_in_analysis
WP402Organic_16S_S1064,WP402Organic,16S,WP402,Organic,Soil,PIST,Pinus strobus,Eastern white pine,Forest,1064,SRR37184542,SAMN55210274,SRS28055287,SRX32122330,53282.0,2026-02-10 18:20:28,PAIRED,on_SRA,used_in_analysis
WP402Organic_ITS_S1065,WP402Organic,ITS,WP402,Organic,Soil,PIST,Pinus strobus,Eastern white pine,Forest,1065,SRR37072034,SAMN42320992,SRS27959318,SRX32018523,61985.0,2026-02-04 00:22:40,PAIRED,on_SRA,used_in_analysis
WP402Outer_16S_S1066,WP402Outer,16S,WP402,Outer,Wood,PIST,Pinus strobus,Eastern white pine,Forest,1066,SRR37184541,SAMN55210276,SRS28055291,SRX32122331,36441.0,2026-02-10 18:20:27,PAIRED,on_SRA,used_in_analysis
WP402Outer_ITS_S1067,WP402Outer,ITS,WP402,Outer,Wood,PIST,Pinus strobus,Eastern white pine,Forest,1067,SRR37071771,SAMN42320994,SRS27959331,SRX32018534,34987.0,2026-02-04 00:29:25,PAIRED,on_SRA,used_in_analysis
WP403Inner_16S_S1068,WP403Inner,16S,WP403,Inner,Wood,PIST,Pinus strobus,Eastern white pine,Forest,1068,SRR37184540,SAMN55210278,SRS28055293,SRX32122332,31474.0,2026-02-10 18:20:29,PAIRED,on_SRA,used_in_analysis
WP403Inner_ITS_S1069,WP403Inner,ITS,WP403,Inner,Wood,PIST,Pinus strobus,Eastern white pine,Forest,1069,SRR37071760,SAMN42320996,SRS27959091,SRX32018294,20503.0,2026-02-04 00:39:45,PAIRED,on_SRA,used_in_analysis
WP403Mineral_16S_S1070,WP403Mineral,16S,WP403,Mineral,Soil,PIST,Pinus strobus,Eastern white pine,Forest,1070,SRR37184539,SAMN55210280,SRS28055292,SRX32122333,33331.0,2026-02-10 18:20:28,PAIRED,on_SRA,used_in_analysis
WP403Mineral_ITS_S1071,WP403Mineral,ITS,WP403,Mineral,Soil,PIST,Pinus strobus,Eastern white pine,Forest,1071,SRR37071749,SAMN42320998,SRS27959102,SRX32018305,31719.0,2026-02-04 00:22:40,PAIRED,on_SRA,used_in_analysis
WP403Organic_16S_S1072,WP403Organic,16S,WP403,Organic,Soil,PIST,Pinus strobus,Eastern white pine,Forest,1072,SRR37184538,SAMN55210282,SRS28055294,SRX32122334,58430.0,2026-02-10 18:20:29,PAIRED,on_SRA,used_in_analysis
WP403Organic_ITS_S1073,WP403Organic,ITS,WP403,Organic,Soil,PIST,Pinus strobus,Eastern white pine,Forest,1073,SRR37071849,SAMN42321000,SRS27959002,SRX32018205,47530.0,2026-02-04 00:39:44,PAIRED,on_SRA,used_in_analysis
WP403Outer_16S_S1074,WP403Outer,16S,WP403,Outer,Wood,PIST,Pinus strobus,Eastern white pine,Forest,1074,SRR37184536,SAMN55210284,SRS28055297,SRX32122336,33930.0,2026-02-10 18:20:28,PAIRED,on_SRA,used_in_analysis
WP403Outer_ITS_S1075,WP403Outer,ITS,WP403,Outer,Wood,PIST,Pinus strobus,Eastern white pine,Forest,1075,SRR37071838,SAMN42321002,SRS27959013,SRX32018216,36031.0,2026-02-04 00:19:04,PAIRED,on_SRA,used_in_analysis
WP5Inner_16S_S1082,WP5Inner,16S,WP5,Inner,Wood,PIST,Pinus strobus,Eastern white pine,Forest,1082,SRR37184533,SAMN55210292,SRS28055298,SRX32122339,42594.0,2026-02-10 18:20:28,PAIRED,on_SRA,used_in_analysis
WP5Inner_ITS_S1083,WP5Inner,ITS,WP5,Inner,Wood,PIST,Pinus strobus,Eastern white pine,Forest,1083,SRR37071738,SAMN42321010,SRS27959114,SRX32018317,44735.0,2026-02-04 00:28:53,PAIRED,on_SRA,used_in_analysis
WP5Mineral_16S_S1084,WP5Mineral,16S,WP5,Mineral,Soil,PIST,Pinus strobus,Eastern white pine,Forest,1084,SRR37184531,SAMN55210294,SRS28055300,SRX32122341,28987.0,2026-02-10 18:20:28,PAIRED,on_SRA,used_in_analysis
WP5Mineral_ITS_S1085,WP5Mineral,ITS,WP5,Mineral,Soil,PIST,Pinus strobus,Eastern white pine,Forest,1085,SRR37071727,SAMN42321012,SRS27959125,SRX32018328,40307.0,2026-02-04 00:29:25,PAIRED,on_SRA,used_in_analysis
WP5Organic_16S_S1086,WP5Organic,16S,WP5,Organic,Soil,PIST,Pinus strobus,Eastern white pine,Forest,1086,SRR37184530,SAMN55210296,SRS28055302,SRX32122342,43612.0,2026-02-10 18:20:30,PAIRED,on_SRA,used_in_analysis
WP5Organic_ITS_S1087,WP5Organic,ITS,WP5,Organic,Soil,PIST,Pinus strobus,Eastern white pine,Forest,1087,SRR37071908,SAMN42321014,SRS27958943,SRX32018146,59757.0,2026-02-04 00:22:39,PAIRED,on_SRA,used_in_analysis
WP5Outer_16S_S1088,WP5Outer,16S,WP5,Outer,Wood,PIST,Pinus strobus,Eastern white pine,Forest,1088,SRR37184529,SAMN55210298,SRS28055303,SRX32122343,39614.0,2026-02-10 18:20:29,PAIRED,on_SRA,used_in_analysis
WP5Outer_ITS_S1089,WP5Outer,ITS,WP5,Outer,Wood,PIST,Pinus strobus,Eastern white pine,Forest,1089,SRR37071897,SAMN42321016,SRS27958954,SRX32018157,41668.0,2026-02-04 00:20:38,PAIRED,on_SRA,used_in_analysis
WP6Inner_16S_S1090,WP6Inner,16S,WP6,Inner,Wood,PIST,Pinus strobus,Eastern white pine,Forest,1090,SRR37184528,SAMN55210300,SRS28055305,SRX32122344,26878.0,2026-02-10 18:20:30,PAIRED,on_SRA,used_in_analysis
WP6Inner_ITS_S1091,WP6Inner,ITS,WP6,Inner,Wood,PIST,Pinus strobus,Eastern white pine,Forest,1091,SRR37071886,SAMN42321018,SRS27958965,SRX32018168,21520.0,2026-02-04 00:39:45,PAIRED,on_SRA,used_in_analysis
WP6Mineral_16S_S1092,WP6Mineral,16S,WP6,Mineral,Soil,PIST,Pinus strobus,Eastern white pine,Forest,1092,SRR37184527,SAMN55210302,SRS28055304,SRX32122345,33275.0,2026-02-10 18:20:30,PAIRED,on_SRA,used_in_analysis
WP6Mineral_ITS_S1093,WP6Mineral,ITS,WP6,Mineral,Soil,PIST,Pinus strobus,Eastern white pine,Forest,1093,SRR37071818,SAMN42321020,SRS27959033,SRX32018236,38483.0,2026-02-04 00:11:10,PAIRED,on_SRA,used_in_analysis
WP6Organic_16S_S1094,WP6Organic,16S,WP6,Organic,Soil,PIST,Pinus strobus,Eastern white pine,Forest,1094,SRR37184525,SAMN55210304,SRS28055307,SRX32122347,59177.0,2026-02-10 18:20:30,PAIRED,on_SRA,used_in_analysis
WP6Organic_ITS_S1095,WP6Organic,ITS,WP6,Organic,Soil,PIST,Pinus strobus,Eastern white pine,Forest,1095,SRR37071807,SAMN42321022,SRS27959044,SRX32018247,55710.0,2026-02-04 00:10:54,PAIRED,on_SRA,used_in_analysis
WP7Inner_16S_S207,WP7Inner,16S,WP7,Inner,Wood,PIST,Pinus strobus,Eastern white pine,Forest,207,,,,,,,,missing_from_SRA,used_in_analysis
WP7Inner_ITS_S209,WP7Inner,ITS,WP7,Inner,Wood,PIST,Pinus strobus,Eastern white pine,Forest,209,,,,,,,,missing_from_SRA,used_in_analysis
WP7Mineral_16S_S1096,WP7Mineral,16S,WP7,Mineral,Soil,PIST,Pinus strobus,Eastern white pine,Forest,1096,SRR37184524,SAMN55210306,SRS28055308,SRX32122348,31196.0,2026-02-10 18:20:28,PAIRED,on_SRA,used_in_analysis
WP7Mineral_ITS_S1097,WP7Mineral,ITS,WP7,Mineral,Soil,PIST,Pinus strobus,Eastern white pine,Forest,1097,SRR37071992,SAMN42321024,SRS27959361,SRX32018564,43738.0,2026-02-04 00:10:55,PAIRED,on_SRA,used_in_analysis
WP7Organic_16S_S1098,WP7Organic,16S,WP7,Organic,Soil,PIST,Pinus strobus,Eastern white pine,Forest,1098,SRR37184523,SAMN55210308,SRS28055309,SRX32122349,57251.0,2026-02-10 18:20:31,PAIRED,on_SRA,used_in_analysis
WP7Organic_ITS_S1099,WP7Organic,ITS,WP7,Organic,Soil,PIST,Pinus strobus,Eastern white pine,Forest,1099,SRR37071981,SAMN42321026,SRS27959371,SRX32018575,53162.0,2026-02-05 01:11:37,PAIRED,on_SRA,used_in_analysis
WP7Outer_16S_S210,WP7Outer,16S,WP7,Outer,Wood,PIST,Pinus strobus,Eastern white pine,Forest,210,,,,,,,,missing_from_SRA,used_in_analysis
WP7Outer_ITS_S212,WP7Outer,ITS,WP7,Outer,Wood,PIST,Pinus strobus,Eastern white pine,Forest,212,,,,,,,,missing_from_SRA,used_in_analysis
WP8Inner_16S_S1100,WP8Inner,16S,WP8,Inner,Wood,PIST,Pinus strobus,Eastern white pine,Forest,1100,SRR37184521,SAMN55210310,SRS28055311,SRX32122351,17445.0,2026-02-10 18:20:29,PAIRED,on_SRA,used_in_analysis
WP8Inner_ITS_S1101,WP8Inner,ITS,WP8,Inner,Wood,PIST,Pinus strobus,Eastern white pine,Forest,1101,SRR37071970,SAMN42321028,SRS27959383,SRX32018586,18868.0,2026-02-06 07:39:49,PAIRED,on_SRA,used_in_analysis
WP8Mineral_16S_S1102,WP8Mineral,16S,WP8,Mineral,Soil,PIST,Pinus strobus,Eastern white pine,Forest,1102,SRR37184522,SAMN55210312,SRS28055310,SRX32122350,33908.0,2026-02-10 18:20:29,PAIRED,on_SRA,used_in_analysis
WP8Mineral_ITS_S1103,WP8Mineral,ITS,WP8,Mineral,Soil,PIST,Pinus strobus,Eastern white pine,Forest,1103,SRR37072214,SAMN42321030,SRS27959139,SRX32018342,64285.0,2026-02-04 00:29:25,PAIRED,on_SRA,used_in_analysis
WP8Organic_16S_S1104,WP8Organic,16S,WP8,Organic,Soil,PIST,Pinus strobus,Eastern white pine,Forest,1104,SRR37184520,SAMN55210314,SRS28055313,SRX32122352,37768.0,2026-02-10 18:20:30,PAIRED,on_SRA,used_in_analysis
WP8Organic_ITS_S1105,WP8Organic,ITS,WP8,Organic,Soil,PIST,Pinus strobus,Eastern white pine,Forest,1105,SRR37072213,SAMN42321032,SRS27959140,SRX32018343,55150.0,2026-02-04 00:29:25,PAIRED,on_SRA,used_in_analysis
WP8Outer_16S_S1106,WP8Outer,16S,WP8,Outer,Wood,PIST,Pinus strobus,Eastern white pine,Forest,1106,SRR37184519,SAMN55210316,SRS28055314,SRX32122353,59613.0,2026-02-10 18:20:30,PAIRED,on_SRA,used_in_analysis
WP8Outer_ITS_S1107,WP8Outer,ITS,WP8,Outer,Wood,PIST,Pinus strobus,Eastern white pine,Forest,1107,SRR37072212,SAMN42321034,SRS27959142,SRX32018344,45762.0,2026-02-04 00:30:40,PAIRED,on_SRA,used_in_analysis
WP9Inner_16S_S1108,WP9Inner,16S,WP9,Inner,Wood,PIST,Pinus strobus,Eastern white pine,Forest,1108,SRR37184518,SAMN55210318,SRS28055312,SRX32122354,54343.0,2026-02-10 18:20:28,PAIRED,on_SRA,used_in_analysis
WP9Inner_ITS_S1109,WP9Inner,ITS,WP9,Inner,Wood,PIST,Pinus strobus,Eastern white pine,Forest,1109,SRR37072210,SAMN42321036,SRS27959144,SRX32018346,43757.0,2026-02-04 00:29:24,PAIRED,on_SRA,used_in_analysis
WP9Mineral_16S_S1110,WP9Mineral,16S,WP9,Mineral,Soil,PIST,Pinus strobus,Eastern white pine,Forest,1110,SRR37184517,SAMN55210320,SRS28055315,SRX32122355,19079.0,2026-02-10 18:20:29,PAIRED,on_SRA,used_in_analysis
WP9Mineral_ITS_S1111,WP9Mineral,ITS,WP9,Mineral,Soil,PIST,Pinus strobus,Eastern white pine,Forest,1111,SRR37072211,SAMN42321038,SRS27959141,SRX32018345,58599.0,2026-02-04 00:20:39,PAIRED,on_SRA,used_in_analysis
WP9Organic_16S_S1112,WP9Organic,16S,WP9,Organic,Soil,PIST,Pinus strobus,Eastern white pine,Forest,1112,SRR37184516,SAMN55210322,SRS28055317,SRX32122356,38850.0,2026-02-10 18:20:30,PAIRED,on_SRA,used_in_analysis
WP9Organic_ITS_S1113,WP9Organic,ITS,WP9,Organic,Soil,PIST,Pinus strobus,Eastern white pine,Forest,1113,SRR37072209,SAMN42321040,SRS27959143,SRX32018347,62318.0,2026-02-04 00:20:39,PAIRED,on_SRA,used_in_analysis
WP9Outer_16S_S1114,WP9Outer,16S,WP9,Outer,Wood,PIST,Pinus strobus,Eastern white pine,Forest,1114,SRR37184624,SAMN55210324,SRS28055208,SRX32122248,29058.0,2026-02-10 18:20:34,PAIRED,on_SRA,used_in_analysis
WP9Outer_ITS_S1115,WP9Outer,ITS,WP9,Outer,Wood,PIST,Pinus strobus,Eastern white pine,Forest,1115,SRR37072208,SAMN42321042,SRS27959145,SRX32018348,25381.0,2026-02-04 00:11:09,PAIRED,on_SRA,used_in_analysis
WPBERENICEInner_16S_S1116,WPBERENICEInner,16S,WPBERENICE,Inner,Wood,PIST,Pinus strobus,Eastern white pine,Forest,1116,SRR37184623,SAMN55210326,SRS28055210,SRX32122249,52686.0,2026-02-10 18:20:33,PAIRED,on_SRA,used_in_analysis
WPBERENICEInner_ITS_S1117,WPBERENICEInner,ITS,WPBERENICE,Inner,Wood,PIST,Pinus strobus,Eastern white pine,Forest,1117,SRR37072207,SAMN42321044,SRS27959146,SRX32018349,47245.0,2026-02-04 00:20:36,PAIRED,on_SRA,used_in_analysis
WPBERENICEOrganic_16S_S1120,WPBERENICEOrganic,16S,WPBERENICE,Organic,Soil,PIST,Pinus strobus,Eastern white pine,Forest,1120,SRR37184621,SAMN55210330,SRS28055211,SRX32122251,45178.0,2026-02-10 18:20:31,PAIRED,on_SRA,used_in_analysis
WPBERENICEOrganic_ITS_S1121,WPBERENICEOrganic,ITS,WPBERENICE,Organic,Soil,PIST,Pinus strobus,Eastern white pine,Forest,1121,SRR37072205,SAMN42321048,SRS27959148,SRX32018351,54564.0,2026-02-04 00:11:09,PAIRED,on_SRA,used_in_analysis
WPBERENICEOuter_16S_S1122,WPBERENICEOuter,16S,WPBERENICE,Outer,Wood,PIST,Pinus strobus,Eastern white pine,Forest,1122,SRR37184620,SAMN55210332,SRS28055212,SRX32122252,42474.0,2026-02-10 18:20:33,PAIRED,on_SRA,used_in_analysis
WPBERENICEOuter_ITS_S1123,WPBERENICEOuter,ITS,WPBERENICE,Outer,Wood,PIST,Pinus strobus,Eastern white pine,Forest,1123,SRR37072203,SAMN42321050,SRS27959150,SRX32018353,33945.0,2026-02-04 00:28:52,PAIRED,on_SRA,used_in_analysis
WPBereniceMineral_16S_S1118,WPBereniceMineral,16S,WPBerenice,Mineral,Soil,PIST,Pinus strobus,Eastern white pine,Forest,1118,SRR37184622,SAMN55210328,SRS28055209,SRX32122250,22914.0,2026-02-10 18:20:33,PAIRED,on_SRA,excluded
WPBereniceMineral_ITS_S1119,WPBereniceMineral,ITS,WPBerenice,Mineral,Soil,PIST,Pinus strobus,Eastern white pine,Forest,1119,SRR37072206,SAMN42321046,SRS27959147,SRX32018350,38279.0,2026-02-04 00:29:26,PAIRED,on_SRA,excluded
WPX2Inner_16S_S1128,WPX2Inner,16S,WPX2,Inner,Wood,PIST,Pinus strobus,Eastern white pine,Forest,1128,SRR37184617,SAMN55210338,SRS28055215,SRX32122255,31635.0,2026-02-10 18:20:33,PAIRED,on_SRA,used_in_analysis
WPX2Inner_ITS_S1129,WPX2Inner,ITS,WPX2,Inner,Wood,PIST,Pinus strobus,Eastern white pine,Forest,1129,SRR37072199,SAMN42321056,SRS27959154,SRX32018357,29251.0,2026-02-04 00:11:09,PAIRED,on_SRA,used_in_analysis
WPX2Mineral_16S_S1130,WPX2Mineral,16S,WPX2,Mineral,Soil,PIST,Pinus strobus,Eastern white pine,Forest,1130,SRR37184616,SAMN55210340,SRS28055216,SRX32122256,32883.0,2026-02-10 18:20:32,PAIRED,on_SRA,used_in_analysis
WPX2Mineral_ITS_S1131,WPX2Mineral,ITS,WPX2,Mineral,Soil,PIST,Pinus strobus,Eastern white pine,Forest,1131,SRR37072200,SAMN42321058,SRS27959153,SRX32018356,37934.0,2026-02-04 00:22:40,PAIRED,on_SRA,used_in_analysis
WPX2Organic_16S_S1132,WPX2Organic,16S,WPX2,Organic,Soil,PIST,Pinus strobus,Eastern white pine,Forest,1132,SRR37184615,SAMN55210342,SRS28055217,SRX32122257,42893.0,2026-02-10 18:20:33,PAIRED,on_SRA,used_in_analysis
WPX2Organic_ITS_S1133,WPX2Organic,ITS,WPX2,Organic,Soil,PIST,Pinus strobus,Eastern white pine,Forest,1133,SRR37072198,SAMN42321060,SRS27959155,SRX32018358,51443.0,2026-02-04 00:28:52,PAIRED,on_SRA,used_in_analysis
WPX22Inner_16S_S1124,WPX22Inner,16S,WPX22,Inner,Wood,PIST,Pinus strobus,Eastern white pine,Forest,1124,SRR37184619,SAMN55210334,SRS28055213,SRX32122253,30937.0,2026-02-10 18:20:38,PAIRED,on_SRA,used_in_analysis
WPX22Inner_ITS_S1125,WPX22Inner,ITS,WPX22,Inner,Wood,PIST,Pinus strobus,Eastern white pine,Forest,1125,SRR37072202,SAMN42321052,SRS27959151,SRX32018354,27042.0,2026-02-04 00:20:39,PAIRED,on_SRA,used_in_analysis
WPX22Outer_16S_S1126,WPX22Outer,16S,WPX22,Outer,Wood,PIST,Pinus strobus,Eastern white pine,Forest,1126,SRR37184618,SAMN55210336,SRS28055214,SRX32122254,18586.0,2026-02-10 18:20:29,PAIRED,on_SRA,used_in_analysis
WPX22Outer_ITS_S1127,WPX22Outer,ITS,WPX22,Outer,Wood,PIST,Pinus strobus,Eastern white pine,Forest,1127,SRR37072201,SAMN42321054,SRS27959152,SRX32018355,23298.0,2026-02-04 00:28:52,PAIRED,on_SRA,used_in_analysis
WPX5Inner_16S_S1134,WPX5Inner,16S,WPX5,Inner,Wood,PIST,Pinus strobus,Eastern white pine,Forest,1134,SRR37184613,SAMN55210344,SRS28055219,SRX32122259,24422.0,2026-02-10 18:20:32,PAIRED,on_SRA,used_in_analysis
WPX5Inner_ITS_S1135,WPX5Inner,ITS,WPX5,Inner,Wood,PIST,Pinus strobus,Eastern white pine,Forest,1135,SRR37072197,SAMN42321062,SRS27959156,SRX32018359,36523.0,2026-02-04 00:10:55,PAIRED,on_SRA,used_in_analysis
WPX5Mineral_16S_S1136,WPX5Mineral,16S,WPX5,Mineral,Soil,PIST,Pinus strobus,Eastern white pine,Forest,1136,SRR37184612,SAMN55210346,SRS28055221,SRX32122260,23907.0,2026-02-10 18:20:31,PAIRED,on_SRA,used_in_analysis
WPX5Mineral_ITS_S1137,WPX5Mineral,ITS,WPX5,Mineral,Soil,PIST,Pinus strobus,Eastern white pine,Forest,1137,SRR37072196,SAMN42321064,SRS27959163,SRX32018360,53944.0,2026-02-04 00:20:39,PAIRED,on_SRA,used_in_analysis
WPX5Organic_16S_S1138,WPX5Organic,16S,WPX5,Organic,Soil,PIST,Pinus strobus,Eastern white pine,Forest,1138,SRR37184611,SAMN55210348,SRS28055220,SRX32122261,37221.0,2026-02-10 18:20:32,PAIRED,on_SRA,used_in_analysis
WPX5Organic_ITS_S1139,WPX5Organic,ITS,WPX5,Organic,Soil,PIST,Pinus strobus,Eastern white pine,Forest,1139,SRR37072194,SAMN42321066,SRS27959158,SRX32018362,40651.0,2026-02-04 00:39:43,PAIRED,on_SRA,used_in_analysis
WPX5Outer_16S_S1140,WPX5Outer,16S,WPX5,Outer,Wood,PIST,Pinus strobus,Eastern white pine,Forest,1140,SRR37184610,SAMN55210350,SRS28055222,SRX32122262,21656.0,2026-02-10 18:20:31,PAIRED,on_SRA,used_in_analysis
WPX5Outer_ITS_S1141,WPX5Outer,ITS,WPX5,Outer,Wood,PIST,Pinus strobus,Eastern white pine,Forest,1141,SRR37072195,SAMN42321068,SRS27959157,SRX32018361,26163.0,2026-02-04 00:20:39,PAIRED,on_SRA,used_in_analysis
WPX7Inner_16S_S213,WPX7Inner,16S,WPX7,Inner,Wood,PIST,Pinus strobus,Eastern white pine,Forest,213,,,,,,,,missing_from_SRA,used_in_analysis
WPX7Inner_ITS_S215,WPX7Inner,ITS,WPX7,Inner,Wood,PIST,Pinus strobus,Eastern white pine,Forest,215,,,,,,,,missing_from_SRA,used_in_analysis
WPX7Mineral_16S_S216,WPX7Mineral,16S,WPX7,Mineral,Soil,PIST,Pinus strobus,Eastern white pine,Forest,216,,,,,,,,missing_from_SRA,used_in_analysis
WPX7Mineral_ITS_S218,WPX7Mineral,ITS,WPX7,Mineral,Soil,PIST,Pinus strobus,Eastern white pine,Forest,218,,,,,,,,missing_from_SRA,used_in_analysis
WPX7Organic_16S_S1142,WPX7Organic,16S,WPX7,Organic,Soil,PIST,Pinus strobus,Eastern white pine,Forest,1142,SRR37184609,SAMN55210352,SRS28055223,SRX32122263,53860.0,2026-02-10 18:20:33,PAIRED,on_SRA,used_in_analysis
WPX7Organic_ITS_S1143,WPX7Organic,ITS,WPX7,Organic,Soil,PIST,Pinus strobus,Eastern white pine,Forest,1143,SRR37072193,SAMN42321070,SRS27959159,SRX32018363,49221.0,2026-02-04 00:20:39,PAIRED,on_SRA,used_in_analysis
WPX7Outer_16S_S219,WPX7Outer,16S,WPX7,Outer,Wood,PIST,Pinus strobus,Eastern white pine,Forest,219,,,,,,,,missing_from_SRA,used_in_analysis
WPX7Outer_ITS_S221,WPX7Outer,ITS,WPX7,Outer,Wood,PIST,Pinus strobus,Eastern white pine,Forest,221,,,,,,,,missing_from_SRA,used_in_analysis
YB10BottomMuck_16S_S1144,YB10BottomMuck,16S,YB10,BottomMuck,Wetland/Marginal,BEAL,Betula alleghaniensis,Yellow birch,Forest,1144,SRR37184608,SAMN55210354,SRS28055224,SRX32122264,24752.0,2026-02-10 18:20:30,PAIRED,on_SRA,excluded
YB10BottomMuck_ITS_S1145,YB10BottomMuck,ITS,YB10,BottomMuck,Wetland/Marginal,BEAL,Betula alleghaniensis,Yellow birch,Forest,1145,SRR37072192,SAMN42321072,SRS27959160,SRX32018364,762.0,2026-02-04 00:11:10,PAIRED,on_SRA,excluded
YB10MicrobialGoo_16S_S1146,YB10MicrobialGoo,16S,YB10,MicrobialGoo,Wetland/Marginal,BEAL,Betula alleghaniensis,Yellow birch,Forest,1146,SRR37184607,SAMN55210356,SRS28055226,SRX32122265,21477.0,2026-02-10 18:20:32,PAIRED,on_SRA,excluded
YB10MicrobialGoo_ITS_S1147,YB10MicrobialGoo,ITS,YB10,MicrobialGoo,Wetland/Marginal,BEAL,Betula alleghaniensis,Yellow birch,Forest,1147,SRR37072191,SAMN42321074,SRS27959161,SRX32018365,21840.0,2026-02-04 00:20:39,PAIRED,on_SRA,excluded
YB10Mineral_16S_S1148,YB10Mineral,16S,YB10,Mineral,Soil,BEAL,Betula alleghaniensis,Yellow birch,Forest,1148,SRR37184606,SAMN55210358,SRS28055225,SRX32122266,30302.0,2026-02-10 18:20:32,PAIRED,on_SRA,used_in_analysis
YB10Mineral_ITS_S1149,YB10Mineral,ITS,YB10,Mineral,Soil,BEAL,Betula alleghaniensis,Yellow birch,Forest,1149,SRR37072190,SAMN42321076,SRS27959162,SRX32018366,35668.0,2026-02-04 00:20:39,PAIRED,on_SRA,used_in_analysis
YB10Organic_16S_S1150,YB10Organic,16S,YB10,Organic,Soil,BEAL,Betula alleghaniensis,Yellow birch,Forest,1150,SRR37184605,SAMN55210360,SRS28055228,SRX32122267,30031.0,2026-02-10 18:20:31,PAIRED,on_SRA,used_in_analysis
YB10Organic_ITS_S1151,YB10Organic,ITS,YB10,Organic,Soil,BEAL,Betula alleghaniensis,Yellow birch,Forest,1151,SRR37072189,SAMN42321078,SRS27959164,SRX32018367,68845.0,2026-02-04 00:28:52,PAIRED,on_SRA,used_in_analysis
YB10Outer_16S_S1152,YB10Outer,16S,YB10,Outer,Wood,BEAL,Betula alleghaniensis,Yellow birch,Forest,1152,SRR37184604,SAMN55210362,SRS28055227,SRX32122268,36760.0,2026-02-10 18:20:34,PAIRED,on_SRA,used_in_analysis
YB10Outer_ITS_S1153,YB10Outer,ITS,YB10,Outer,Wood,BEAL,Betula alleghaniensis,Yellow birch,Forest,1153,SRR37072187,SAMN42321080,SRS27959165,SRX32018369,13350.0,2026-02-04 00:10:54,PAIRED,on_SRA,used_in_analysis
YB10TopMuck_16S_S1154,YB10TopMuck,16S,YB10,TopMuck,Wetland/Marginal,BEAL,Betula alleghaniensis,Yellow birch,Forest,1154,SRR37184602,SAMN55210364,SRS28055231,SRX32122270,29530.0,2026-02-10 18:20:31,PAIRED,on_SRA,excluded
YB10TopMuck_ITS_S1155,YB10TopMuck,ITS,YB10,TopMuck,Wetland/Marginal,BEAL,Betula alleghaniensis,Yellow birch,Forest,1155,SRR37072186,SAMN42321082,SRS27959166,SRX32018370,49545.0,2026-02-04 00:20:40,PAIRED,on_SRA,excluded
YB11Inner_16S_S1156,YB11Inner,16S,YB11,Inner,Wood,BEAL,Betula alleghaniensis,Yellow birch,Forest,1156,SRR37184601,SAMN55210366,SRS28055229,SRX32122271,44613.0,2026-02-10 18:20:34,PAIRED,on_SRA,used_in_analysis
YB11Inner_ITS_S1157,YB11Inner,ITS,YB11,Inner,Wood,BEAL,Betula alleghaniensis,Yellow birch,Forest,1157,SRR37072185,SAMN42321084,SRS27959167,SRX32018371,38377.0,2026-02-04 00:22:40,PAIRED,on_SRA,used_in_analysis
YB11Mineral_16S_S1158,YB11Mineral,16S,YB11,Mineral,Soil,BEAL,Betula alleghaniensis,Yellow birch,Forest,1158,SRR37184600,SAMN55210367,SRS28055232,SRX32122272,196.0,2026-02-10 18:20:27,PAIRED,on_SRA,used_in_analysis
YB11Mineral_ITS_S1159,YB11Mineral,ITS,YB11,Mineral,Soil,BEAL,Betula alleghaniensis,Yellow birch,Forest,1159,SRR37072183,SAMN42321086,SRS27959169,SRX32018373,151.0,2026-02-04 00:22:39,PAIRED,on_SRA,used_in_analysis
YB11Organic_16S_S1160,YB11Organic,16S,YB11,Organic,Soil,BEAL,Betula alleghaniensis,Yellow birch,Forest,1160,SRR37184598,SAMN55210370,SRS28055233,SRX32122274,33636.0,2026-02-10 18:20:30,PAIRED,on_SRA,used_in_analysis
YB11Organic_ITS_S1161,YB11Organic,ITS,YB11,Organic,Soil,BEAL,Betula alleghaniensis,Yellow birch,Forest,1161,SRR37072184,SAMN42321088,SRS27959168,SRX32018372,64966.0,2026-02-04 00:10:54,PAIRED,on_SRA,used_in_analysis
YB11Outer_16S_S1162,YB11Outer,16S,YB11,Outer,Wood,BEAL,Betula alleghaniensis,Yellow birch,Forest,1162,SRR37184599,SAMN55210372,SRS28055235,SRX32122273,26291.0,2026-02-10 18:20:30,PAIRED,on_SRA,used_in_analysis
YB11Outer_ITS_S1163,YB11Outer,ITS,YB11,Outer,Wood,BEAL,Betula alleghaniensis,Yellow birch,Forest,1163,SRR37072182,SAMN42321090,SRS27959171,SRX32018374,43119.0,2026-02-04 00:28:53,PAIRED,on_SRA,used_in_analysis
YB11primeInner_16S_S1164,YB11primeInner,16S,YB11prime,Inner,Wood,BEAL,Betula alleghaniensis,Yellow birch,Forest,1164,SRR37184597,SAMN55210374,SRS28055234,SRX32122275,17599.0,2026-02-10 18:20:30,PAIRED,on_SRA,used_in_analysis
YB11primeInner_ITS_S1165,YB11primeInner,ITS,YB11prime,Inner,Wood,BEAL,Betula alleghaniensis,Yellow birch,Forest,1165,SRR37072181,SAMN42321091,SRS27959172,SRX32018375,5904.0,2026-02-04 00:39:46,PAIRED,on_SRA,used_in_analysis
YB11primeOuter_16S_S1166,YB11primeOuter,16S,YB11prime,Outer,Wood,BEAL,Betula alleghaniensis,Yellow birch,Forest,1166,SRR37184596,SAMN55210376,SRS28055236,SRX32122276,26403.0,2026-02-10 18:20:32,PAIRED,on_SRA,used_in_analysis
YB11primeOuter_ITS_S1167,YB11primeOuter,ITS,YB11prime,Outer,Wood,BEAL,Betula alleghaniensis,Yellow birch,Forest,1167,SRR37072180,SAMN42321094,SRS27959174,SRX32018376,55628.0,2026-02-04 00:20:36,PAIRED,on_SRA,used_in_analysis
YB12Inner_16S_S222,YB12Inner,16S,YB12,Inner,Wood,BEAL,Betula alleghaniensis,Yellow birch,Forest,222,,,,,,,,missing_from_SRA,used_in_analysis
YB12Inner_ITS_S224,YB12Inner,ITS,YB12,Inner,Wood,BEAL,Betula alleghaniensis,Yellow birch,Forest,224,,,,,,,,missing_from_SRA,used_in_analysis
YB12Mineral_16S_S1168,YB12Mineral,16S,YB12,Mineral,Soil,BEAL,Betula alleghaniensis,Yellow birch,Forest,1168,SRR37184595,SAMN55210379,SRS28055237,SRX32122277,2740.0,2026-02-10 18:20:26,PAIRED,on_SRA,excluded
YB12Mineral_ITS_S1169,YB12Mineral,ITS,YB12,Mineral,Soil,BEAL,Betula alleghaniensis,Yellow birch,Forest,1169,SRR37072179,SAMN42321096,SRS27959173,SRX32018377,897.0,2026-02-04 00:32:36,PAIRED,on_SRA,excluded
YB12Outer_16S_S225,YB12Outer,16S,YB12,Outer,Wood,BEAL,Betula alleghaniensis,Yellow birch,Forest,225,,,,,,,,missing_from_SRA,used_in_analysis
YB12Outer_ITS_S227,YB12Outer,ITS,YB12,Outer,Wood,BEAL,Betula alleghaniensis,Yellow birch,Forest,227,,,,,,,,missing_from_SRA,used_in_analysis
YB13Inner_16S_S1170,YB13Inner,16S,YB13,Inner,Wood,BEAL,Betula alleghaniensis,Yellow birch,Forest,1170,SRR37184594,SAMN55210380,SRS28055238,SRX32122278,24349.0,2026-02-10 18:20:31,PAIRED,on_SRA,used_in_analysis
YB13Inner_ITS_S1171,YB13Inner,ITS,YB13,Inner,Wood,BEAL,Betula alleghaniensis,Yellow birch,Forest,1171,SRR37072178,SAMN42321098,SRS27959175,SRX32018378,32390.0,2026-02-04 00:20:39,PAIRED,on_SRA,used_in_analysis
YB13Mineral_16S_S228,YB13Mineral,16S,YB13,Mineral,Soil,BEAL,Betula alleghaniensis,Yellow birch,Forest,228,,,,,,,,missing_from_SRA,used_in_analysis
YB13Mineral_ITS_S230,YB13Mineral,ITS,YB13,Mineral,Soil,BEAL,Betula alleghaniensis,Yellow birch,Forest,230,,,,,,,,missing_from_SRA,used_in_analysis
YB13Organic_16S_S1172,YB13Organic,16S,YB13,Organic,Soil,BEAL,Betula alleghaniensis,Yellow birch,Forest,1172,SRR37184593,SAMN55210382,SRS28055239,SRX32122279,36986.0,2026-02-10 18:20:29,PAIRED,on_SRA,used_in_analysis
YB13Organic_ITS_S1173,YB13Organic,ITS,YB13,Organic,Soil,BEAL,Betula alleghaniensis,Yellow birch,Forest,1173,SRR37072176,SAMN42321100,SRS27959177,SRX32018380,71608.0,2026-02-04 00:10:54,PAIRED,on_SRA,used_in_analysis
YB13Outer_16S_S1174,YB13Outer,16S,YB13,Outer,Wood,BEAL,Betula alleghaniensis,Yellow birch,Forest,1174,SRR37184591,SAMN55210384,SRS28055241,SRX32122281,16996.0,2026-02-10 18:20:29,PAIRED,on_SRA,used_in_analysis
YB13Outer_ITS_S1175,YB13Outer,ITS,YB13,Outer,Wood,BEAL,Betula alleghaniensis,Yellow birch,Forest,1175,SRR37072175,SAMN42321102,SRS27959179,SRX32018381,38851.0,2026-02-04 00:22:40,PAIRED,on_SRA,used_in_analysis
YB14Mineral_16S_S1176,YB14Mineral,16S,YB14,Mineral,Soil,BEAL,Betula alleghaniensis,Yellow birch,Forest,1176,SRR37184590,SAMN55210386,SRS28055242,SRX32122282,28291.0,2026-02-10 18:20:29,PAIRED,on_SRA,used_in_analysis
YB14Mineral_ITS_S1177,YB14Mineral,ITS,YB14,Mineral,Soil,BEAL,Betula alleghaniensis,Yellow birch,Forest,1177,SRR37072174,SAMN42321104,SRS27959178,SRX32018382,33920.0,2026-02-04 00:39:44,PAIRED,on_SRA,used_in_analysis
YB14Organic_16S_S1178,YB14Organic,16S,YB14,Organic,Soil,BEAL,Betula alleghaniensis,Yellow birch,Forest,1178,SRR37184589,SAMN55210388,SRS28055243,SRX32122283,41172.0,2026-02-10 18:20:31,PAIRED,on_SRA,used_in_analysis
YB14Organic_ITS_S1179,YB14Organic,ITS,YB14,Organic,Soil,BEAL,Betula alleghaniensis,Yellow birch,Forest,1179,SRR37072173,SAMN42321106,SRS27959180,SRX32018383,60926.0,2026-02-04 00:20:39,PAIRED,on_SRA,used_in_analysis
YB14Outer_16S_S1180,YB14Outer,16S,YB14,Outer,Wood,BEAL,Betula alleghaniensis,Yellow birch,Forest,1180,SRR37184588,SAMN55210390,SRS28055244,SRX32122284,23351.0,2026-02-10 18:20:31,PAIRED,on_SRA,used_in_analysis
YB14Outer_ITS_S1181,YB14Outer,ITS,YB14,Outer,Wood,BEAL,Betula alleghaniensis,Yellow birch,Forest,1181,SRR37072172,SAMN42321108,SRS27959181,SRX32018384,6838.0,2026-02-04 00:19:04,PAIRED,on_SRA,used_in_analysis
YB15Inner_16S_S1182,YB15Inner,16S,YB15,Inner,Wood,BEAL,Betula alleghaniensis,Yellow birch,Forest,1182,SRR37184587,SAMN55210392,SRS28055246,SRX32122285,39289.0,2026-02-10 18:20:32,PAIRED,on_SRA,excluded
YB15Inner_ITS_S1183,YB15Inner,ITS,YB15,Inner,Wood,BEAL,Betula alleghaniensis,Yellow birch,Forest,1183,SRR37072171,SAMN42321110,SRS27959182,SRX32018385,34816.0,2026-02-04 00:10:54,PAIRED,on_SRA,excluded
YB15Mineral_16S_S1184,YB15Mineral,16S,YB15,Mineral,Soil,BEAL,Betula alleghaniensis,Yellow birch,Forest,1184,SRR37184586,SAMN55210394,SRS28055245,SRX32122286,33598.0,2026-02-10 18:20:28,PAIRED,on_SRA,used_in_analysis
YB15Mineral_ITS_S1185,YB15Mineral,ITS,YB15,Mineral,Soil,BEAL,Betula alleghaniensis,Yellow birch,Forest,1185,SRR37072170,SAMN42321112,SRS27959183,SRX32018386,57453.0,2026-02-04 00:10:54,PAIRED,on_SRA,used_in_analysis
YB15Organic_16S_S1186,YB15Organic,16S,YB15,Organic,Soil,BEAL,Betula alleghaniensis,Yellow birch,Forest,1186,SRR37184585,SAMN55210396,SRS28055247,SRX32122287,40086.0,2026-02-10 18:20:28,PAIRED,on_SRA,used_in_analysis
YB15Organic_ITS_S1187,YB15Organic,ITS,YB15,Organic,Soil,BEAL,Betula alleghaniensis,Yellow birch,Forest,1187,SRR37072169,SAMN42321114,SRS27959184,SRX32018387,57802.0,2026-02-04 00:29:26,PAIRED,on_SRA,used_in_analysis
YB15Outer_16S_S1188,YB15Outer,16S,YB15,Outer,Wood,BEAL,Betula alleghaniensis,Yellow birch,Forest,1188,SRR37184584,SAMN55210398,SRS28055248,SRX32122288,29008.0,2026-02-10 18:20:30,PAIRED,on_SRA,used_in_analysis
YB15Outer_ITS_S1189,YB15Outer,ITS,YB15,Outer,Wood,BEAL,Betula alleghaniensis,Yellow birch,Forest,1189,SRR37072168,SAMN42321116,SRS27959185,SRX32018388,33771.0,2026-02-04 00:10:55,PAIRED,on_SRA,used_in_analysis
YB2Mineral_16S_S1190,YB2Mineral,16S,YB2,Mineral,Soil,BEAL,Betula alleghaniensis,Yellow birch,Forest,1190,SRR37184583,SAMN55210400,SRS28055249,SRX32122289,32760.0,2026-02-10 18:20:28,PAIRED,on_SRA,used_in_analysis
YB2Mineral_ITS_S1191,YB2Mineral,ITS,YB2,Mineral,Soil,BEAL,Betula alleghaniensis,Yellow birch,Forest,1191,SRR37072167,SAMN42321118,SRS27959186,SRX32018389,53983.0,2026-02-04 00:29:26,PAIRED,on_SRA,used_in_analysis
YB2Outer_16S_S1192,YB2Outer,16S,YB2,Outer,Wood,BEAL,Betula alleghaniensis,Yellow birch,Forest,1192,SRR37184582,SAMN55210402,SRS28055250,SRX32122290,44023.0,2026-02-10 18:20:27,PAIRED,on_SRA,used_in_analysis
YB2Outer_ITS_S1193,YB2Outer,ITS,YB2,Outer,Wood,BEAL,Betula alleghaniensis,Yellow birch,Forest,1193,SRR37072165,SAMN42321120,SRS27959188,SRX32018391,43245.0,2026-02-04 00:39:46,PAIRED,on_SRA,used_in_analysis
YB2TopMuck_16S_S1194,YB2TopMuck,16S,YB2,TopMuck,Wetland/Marginal,BEAL,Betula alleghaniensis,Yellow birch,Forest,1194,SRR37184580,SAMN55210404,SRS28055252,SRX32122292,206.0,2026-02-10 18:20:26,PAIRED,on_SRA,excluded
YB2TopMuck_ITS_S1195,YB2TopMuck,ITS,YB2,TopMuck,Wetland/Marginal,BEAL,Betula alleghaniensis,Yellow birch,Forest,1195,SRR37072164,SAMN42321122,SRS27959189,SRX32018392,1352.0,2026-02-03 23:46:13,PAIRED,on_SRA,excluded
YB3Inner_16S_S1196,YB3Inner,16S,YB3,Inner,Wood,BEAL,Betula alleghaniensis,Yellow birch,Forest,1196,SRR37184579,SAMN55210406,SRS28055253,SRX32122293,21187.0,2026-02-10 18:20:27,PAIRED,on_SRA,used_in_analysis
YB3Inner_ITS_S1197,YB3Inner,ITS,YB3,Inner,Wood,BEAL,Betula alleghaniensis,Yellow birch,Forest,1197,SRR37072163,SAMN42321124,SRS27959191,SRX32018393,14887.0,2026-02-04 00:28:52,PAIRED,on_SRA,used_in_analysis
YB3Mineral_16S_S1198,YB3Mineral,16S,YB3,Mineral,Soil,BEAL,Betula alleghaniensis,Yellow birch,Forest,1198,SRR37184578,SAMN55210408,SRS28055254,SRX32122294,12308.0,2026-02-10 18:20:27,PAIRED,on_SRA,used_in_analysis
YB3Mineral_ITS_S1199,YB3Mineral,ITS,YB3,Mineral,Soil,BEAL,Betula alleghaniensis,Yellow birch,Forest,1199,SRR37072162,SAMN42321126,SRS27959190,SRX32018394,43270.0,2026-02-06 07:39:49,PAIRED,on_SRA,used_in_analysis
YB3Organic_16S_S1200,YB3Organic,16S,YB3,Organic,Soil,BEAL,Betula alleghaniensis,Yellow birch,Forest,1200,SRR37184577,SAMN55210410,SRS28055255,SRX32122295,53077.0,2026-02-10 18:20:27,PAIRED,on_SRA,used_in_analysis
YB3Organic_ITS_S1201,YB3Organic,ITS,YB3,Organic,Soil,BEAL,Betula alleghaniensis,Yellow birch,Forest,1201,SRR37072161,SAMN42321128,SRS27959192,SRX32018395,64758.0,2026-02-04 00:11:10,PAIRED,on_SRA,used_in_analysis
YB3Outer_16S_S1202,YB3Outer,16S,YB3,Outer,Wood,BEAL,Betula alleghaniensis,Yellow birch,Forest,1202,SRR37184576,SAMN55210412,SRS28055256,SRX32122296,15508.0,2026-02-10 18:20:27,PAIRED,on_SRA,used_in_analysis
YB3Outer_ITS_S1203,YB3Outer,ITS,YB3,Outer,Wood,BEAL,Betula alleghaniensis,Yellow birch,Forest,1203,SRR37072160,SAMN42321130,SRS27959193,SRX32018396,27670.0,2026-02-04 00:11:10,PAIRED,on_SRA,used_in_analysis
YB4Inner_16S_S1204,YB4Inner,16S,YB4,Inner,Wood,BEAL,Betula alleghaniensis,Yellow birch,Forest,1204,SRR37184575,SAMN55210414,SRS28055258,SRX32122297,42092.0,2026-02-10 18:20:27,PAIRED,on_SRA,used_in_analysis
YB4Inner_ITS_S1205,YB4Inner,ITS,YB4,Inner,Wood,BEAL,Betula alleghaniensis,Yellow birch,Forest,1205,SRR37072159,SAMN42321132,SRS27959194,SRX32018397,33327.0,2026-02-04 00:11:10,PAIRED,on_SRA,used_in_analysis
YB4Mineral_16S_S1206,YB4Mineral,16S,YB4,Mineral,Soil,BEAL,Betula alleghaniensis,Yellow birch,Forest,1206,SRR37184574,SAMN55210416,SRS28055257,SRX32122298,25356.0,2026-02-10 18:20:27,PAIRED,on_SRA,used_in_analysis
YB4Mineral_ITS_S1207,YB4Mineral,ITS,YB4,Mineral,Soil,BEAL,Betula alleghaniensis,Yellow birch,Forest,1207,SRR37072158,SAMN42321134,SRS27959195,SRX32018398,42427.0,2026-02-04 00:20:39,PAIRED,on_SRA,used_in_analysis
YB4Organic_16S_S1208,YB4Organic,16S,YB4,Organic,Soil,BEAL,Betula alleghaniensis,Yellow birch,Forest,1208,SRR37184573,SAMN55210418,SRS28055260,SRX32122299,54881.0,2026-02-10 18:20:28,PAIRED,on_SRA,used_in_analysis
YB4Organic_ITS_S1209,YB4Organic,ITS,YB4,Organic,Soil,BEAL,Betula alleghaniensis,Yellow birch,Forest,1209,SRR37072157,SAMN42321136,SRS27959196,SRX32018399,43851.0,2026-02-04 00:29:26,PAIRED,on_SRA,used_in_analysis
YB4Outer_16S_S1210,YB4Outer,16S,YB4,Outer,Wood,BEAL,Betula alleghaniensis,Yellow birch,Forest,1210,SRR37184572,SAMN55210420,SRS28055259,SRX32122300,28245.0,2026-02-10 18:20:31,PAIRED,on_SRA,used_in_analysis
YB4Outer_ITS_S1211,YB4Outer,ITS,YB4,Outer,Wood,BEAL,Betula alleghaniensis,Yellow birch,Forest,1211,SRR37072156,SAMN42321138,SRS27959197,SRX32018400,71396.0,2026-02-04 00:39:46,PAIRED,on_SRA,used_in_analysis
YB5Inner_16S_S1212,YB5Inner,16S,YB5,Inner,Wood,BEAL,Betula alleghaniensis,Yellow birch,Forest,1212,SRR37184571,SAMN55210422,SRS28055263,SRX32122301,15322.0,2026-02-10 18:20:27,PAIRED,on_SRA,used_in_analysis
YB5Inner_ITS_S1213,YB5Inner,ITS,YB5,Inner,Wood,BEAL,Betula alleghaniensis,Yellow birch,Forest,1213,SRR37072154,SAMN42321140,SRS27959199,SRX32018402,2900.0,2026-02-04 00:11:10,PAIRED,on_SRA,used_in_analysis
YB5Mineral_16S_S1214,YB5Mineral,16S,YB5,Mineral,Soil,BEAL,Betula alleghaniensis,Yellow birch,Forest,1214,SRR37184568,SAMN55210424,SRS28055262,SRX32122304,28661.0,2026-02-10 18:20:27,PAIRED,on_SRA,used_in_analysis
YB5Mineral_ITS_S1215,YB5Mineral,ITS,YB5,Mineral,Soil,BEAL,Betula alleghaniensis,Yellow birch,Forest,1215,SRR37072153,SAMN42321142,SRS27959200,SRX32018403,43387.0,2026-02-04 00:39:46,PAIRED,on_SRA,used_in_analysis
YB5Organic_16S_S1216,YB5Organic,16S,YB5,Organic,Soil,BEAL,Betula alleghaniensis,Yellow birch,Forest,1216,SRR37184567,SAMN55210426,SRS28055265,SRX32122305,38111.0,2026-02-10 18:20:27,PAIRED,on_SRA,used_in_analysis
YB5Organic_ITS_S1217,YB5Organic,ITS,YB5,Organic,Soil,BEAL,Betula alleghaniensis,Yellow birch,Forest,1217,SRR37072152,SAMN42321144,SRS27959201,SRX32018404,34407.0,2026-02-04 00:11:10,PAIRED,on_SRA,used_in_analysis
YB5Outer_16S_S1218,YB5Outer,16S,YB5,Outer,Wood,BEAL,Betula alleghaniensis,Yellow birch,Forest,1218,SRR37184566,SAMN55210428,SRS28055266,SRX32122306,22869.0,2026-02-10 18:20:27,PAIRED,on_SRA,used_in_analysis
YB5Outer_ITS_S1219,YB5Outer,ITS,YB5,Outer,Wood,BEAL,Betula alleghaniensis,Yellow birch,Forest,1219,SRR37072151,SAMN42321146,SRS27959202,SRX32018405,30029.0,2026-02-04 00:11:10,PAIRED,on_SRA,used_in_analysis
YB9Inner44c_16S_S1220,YB9Inner44c,16S,YB9,Inner,Wood,BEAL,Betula alleghaniensis,Yellow birch,Forest,1220,SRR37184564,SAMN55210430,SRS28055268,SRX32122308,46260.0,2026-02-10 18:20:30,PAIRED,on_SRA,excluded
YB9Inner44c_ITS_S1221,YB9Inner44c,ITS,YB9,Inner,Wood,BEAL,Betula alleghaniensis,Yellow birch,Forest,1221,SRR37072150,SAMN42321148,SRS27959203,SRX32018406,52922.0,2026-02-04 00:11:09,PAIRED,on_SRA,used_in_analysis
YB9Inner45c_16S_S1222,YB9Inner45c,16S,YB9,Inner,Wood,BEAL,Betula alleghaniensis,Yellow birch,Forest,1222,SRR37184565,SAMN55210432,SRS28055267,SRX32122307,33613.0,2026-02-10 18:20:28,PAIRED,on_SRA,excluded
YB9Inner45c_ITS_S1223,YB9Inner45c,ITS,YB9,Inner,Wood,BEAL,Betula alleghaniensis,Yellow birch,Forest,1223,SRR37072149,SAMN42321150,SRS27959204,SRX32018407,53926.0,2026-02-04 00:11:09,PAIRED,on_SRA,used_in_analysis
YB9Muck_16S_S1224,YB9Muck,16S,YB9,Muck,Wetland/Marginal,BEAL,Betula alleghaniensis,Yellow birch,Forest,1224,SRR37184563,SAMN55210434,SRS28055269,SRX32122309,35617.0,2026-02-10 18:20:27,PAIRED,on_SRA,excluded
YB9Muck_ITS_S1225,YB9Muck,ITS,YB9,Muck,Wetland/Marginal,BEAL,Betula alleghaniensis,Yellow birch,Forest,1225,SRR37072148,SAMN42321152,SRS27959205,SRX32018408,37541.0,2026-02-04 00:29:24,PAIRED,on_SRA,excluded
YB9Organic_16S_S1226,YB9Organic,16S,YB9,Organic,Soil,BEAL,Betula alleghaniensis,Yellow birch,Forest,1226,SRR37184562,SAMN55210436,SRS28055270,SRX32122310,49244.0,2026-02-10 18:20:27,PAIRED,on_SRA,used_in_analysis
YB9Organic_ITS_S1227,YB9Organic,ITS,YB9,Organic,Soil,BEAL,Betula alleghaniensis,Yellow birch,Forest,1227,SRR37072147,SAMN42321154,SRS27959206,SRX32018409,44519.0,2026-02-04 00:39:44,PAIRED,on_SRA,used_in_analysis
YB9Outer_16S_S1228,YB9Outer,16S,YB9,Outer,Wood,BEAL,Betula alleghaniensis,Yellow birch,Forest,1228,SRR37184561,SAMN55210438,SRS28055271,SRX32122311,27330.0,2026-02-10 18:20:27,PAIRED,on_SRA,used_in_analysis
YB9Outer_ITS_S1229,YB9Outer,ITS,YB9,Outer,Wood,BEAL,Betula alleghaniensis,Yellow birch,Forest,1229,SRR37072146,SAMN42321156,SRS27959207,SRX32018410,39233.0,2026-02-04 00:11:09,PAIRED,on_SRA,used_in_analysis
YBYBInner_16S_S231,YBYBInner,16S,YBYB,Inner,Wood,BEAL,Betula alleghaniensis,Yellow birch,Forest,231,,,,,,,,missing_from_SRA,used_in_analysis
YBYBInner_ITS_S233,YBYBInner,ITS,YBYB,Inner,Wood,BEAL,Betula alleghaniensis,Yellow birch,Forest,233,,,,,,,,missing_from_SRA,used_in_analysis
YBYBMineral_16S_S1230,YBYBMineral,16S,YBYB,Mineral,Soil,BEAL,Betula alleghaniensis,Yellow birch,Forest,1230,SRR37184560,SAMN55210440,SRS28055272,SRX32122312,23018.0,2026-02-10 18:20:27,PAIRED,on_SRA,used_in_analysis
YBYBMineral_ITS_S1231,YBYBMineral,ITS,YBYB,Mineral,Soil,BEAL,Betula alleghaniensis,Yellow birch,Forest,1231,SRR37072145,SAMN42321158,SRS27959208,SRX32018411,42118.0,2026-02-04 00:10:55,PAIRED,on_SRA,used_in_analysis
YBYBOrganic_16S_S1232,YBYBOrganic,16S,YBYB,Organic,Soil,BEAL,Betula alleghaniensis,Yellow birch,Forest,1232,SRR37184559,SAMN55210442,SRS28055273,SRX32122313,58560.0,2026-02-10 18:20:27,PAIRED,on_SRA,used_in_analysis
YBYBOrganic_ITS_S1233,YBYBOrganic,ITS,YBYB,Organic,Soil,BEAL,Betula alleghaniensis,Yellow birch,Forest,1233,SRR37072143,SAMN42321160,SRS27959210,SRX32018413,59282.0,2026-02-04 00:20:39,PAIRED,on_SRA,used_in_analysis
YBYBOuter_16S_S234,YBYBOuter,16S,YBYB,Outer,Wood,BEAL,Betula alleghaniensis,Yellow birch,Forest,234,,,,,,,,missing_from_SRA,used_in_analysis
YBYBOuter_ITS_S236,YBYBOuter,ITS,YBYB,Outer,Wood,BEAL,Betula alleghaniensis,Yellow birch,Forest,236,,,,,,,,missing_from_SRA,used_in_analysis
Zymo_mock_16S_S1234,Zymo_mock,16S,Zymo_mock,Mock,Mock,,,,Forest,1234,SRR37184558,SAMN55210444,SRS28055276,SRX32122314,57044.0,2026-02-10 18:20:28,PAIRED,on_SRA,not_in_analysis_tables
QUVE1000BARK1_16S_S470,QUVE1000BARK1,16S,QUVE1000,BARK1,Bark,QUVE,Quercus velutina,Black oak,BlackOak,470,SRR37071853,SAMN42321631,SRS27958998,SRX32018201,86.0,2026-02-04 00:11:09,PAIRED,on_SRA,used_in_analysis
QUVE1000BARK1_ITS_S471,QUVE1000BARK1,ITS,QUVE1000,BARK1,Bark,QUVE,Quercus velutina,Black oak,BlackOak,471,SRR29444919,SAMN41874999,SRS21660632,SRX24956977,10991.0,2024-06-19 01:01:48,PAIRED,on_SRA,used_in_analysis
QUVE1000HEART1_16S_S472,QUVE1000HEART1,16S,QUVE1000,HEART1,Wood,QUVE,Quercus velutina,Black oak,BlackOak,472,SRR37071852,SAMN42321633,SRS27958999,SRX32018202,25057.0,2026-02-04 00:29:25,PAIRED,on_SRA,used_in_analysis
QUVE1000HEART1_ITS_S473,QUVE1000HEART1,ITS,QUVE1000,HEART1,Wood,QUVE,Quercus velutina,Black oak,BlackOak,473,SRR29444751,SAMN41875001,SRS21660799,SRX24957145,31942.0,2024-06-19 01:01:55,PAIRED,on_SRA,used_in_analysis
QUVE1000HEART2_16S_S474,QUVE1000HEART2,16S,QUVE1000,HEART2,Wood,QUVE,Quercus velutina,Black oak,BlackOak,474,SRR37071851,SAMN42321635,SRS27959000,SRX32018203,36029.0,2026-02-06 07:37:44,PAIRED,on_SRA,used_in_analysis
QUVE1000HEART2_ITS_S475,QUVE1000HEART2,ITS,QUVE1000,HEART2,Wood,QUVE,Quercus velutina,Black oak,BlackOak,475,SRR29444696,SAMN41875003,SRS21660854,SRX24957200,59188.0,2024-06-18 01:10:04,PAIRED,on_SRA,used_in_analysis
QUVE1000SAP_16S_S476,QUVE1000SAP,16S,QUVE1000,SAP,Wood,QUVE,Quercus velutina,Black oak,BlackOak,476,SRR37071850,SAMN42321637,SRS27959001,SRX32018204,12892.0,2026-02-04 00:20:37,PAIRED,on_SRA,used_in_analysis
QUVE1000SAP_ITS_S477,QUVE1000SAP,ITS,QUVE1000,SAP,Wood,QUVE,Quercus velutina,Black oak,BlackOak,477,SRR29444533,SAMN41875005,SRS21660517,SRX24956863,8559.0,2024-06-19 01:01:46,PAIRED,on_SRA,used_in_analysis
QUVE125BARK1_16S_S478,QUVE125BARK1,16S,QUVE125,BARK1,Bark,QUVE,Quercus velutina,Black oak,BlackOak,478,SRR37071848,SAMN42321639,SRS27959003,SRX32018206,31619.0,2026-02-04 00:22:39,PAIRED,on_SRA,used_in_analysis
QUVE125BARK1_ITS_S479,QUVE125BARK1,ITS,QUVE125,BARK1,Bark,QUVE,Quercus velutina,Black oak,BlackOak,479,SRR29444506,SAMN41875007,SRS21660545,SRX24956890,36654.0,2024-06-19 01:01:48,PAIRED,on_SRA,used_in_analysis
QUVE125HEART1_16S_S480,QUVE125HEART1,16S,QUVE125,HEART1,Wood,QUVE,Quercus velutina,Black oak,BlackOak,480,SRR37071847,SAMN42321641,SRS27959004,SRX32018207,9829.0,2026-02-04 00:39:45,PAIRED,on_SRA,used_in_analysis
QUVE125HEART1_ITS_S481,QUVE125HEART1,ITS,QUVE125,HEART1,Wood,QUVE,Quercus velutina,Black oak,BlackOak,481,SRR29444918,SAMN41875009,SRS21660631,SRX24956978,17710.0,2024-06-19 01:01:48,PAIRED,on_SRA,used_in_analysis
QUVE125HEART2_16S_S482,QUVE125HEART2,16S,QUVE125,HEART2,Wood,QUVE,Quercus velutina,Black oak,BlackOak,482,SRR37071846,SAMN42321643,SRS27959005,SRX32018208,20600.0,2026-02-04 00:22:39,PAIRED,on_SRA,used_in_analysis
QUVE125HEART2_ITS_S483,QUVE125HEART2,ITS,QUVE125,HEART2,Wood,QUVE,Quercus velutina,Black oak,BlackOak,483,SRR29444907,SAMN41875011,SRS21660644,SRX24956989,16917.0,2024-06-19 01:01:49,PAIRED,on_SRA,used_in_analysis
QUVE125SAP_16S_S484,QUVE125SAP,16S,QUVE125,SAP,Wood,QUVE,Quercus velutina,Black oak,BlackOak,484,SRR37071845,SAMN42321645,SRS27959006,SRX32018209,12614.0,2026-02-04 00:20:36,PAIRED,on_SRA,used_in_analysis
QUVE125SAP_ITS_S485,QUVE125SAP,ITS,QUVE125,SAP,Wood,QUVE,Quercus velutina,Black oak,BlackOak,485,SRR29444896,SAMN41875013,SRS21660654,SRX24957000,8736.0,2024-06-19 01:01:50,PAIRED,on_SRA,used_in_analysis
QUVE200BARK1_16S_S486,QUVE200BARK1,16S,QUVE200,BARK1,Bark,QUVE,Quercus velutina,Black oak,BlackOak,486,SRR37071844,SAMN42321648,SRS27959007,SRX32018210,89.0,2026-02-04 00:39:45,PAIRED,on_SRA,used_in_analysis
QUVE200BARK1_ITS_S487,QUVE200BARK1,ITS,QUVE200,BARK1,Bark,QUVE,Quercus velutina,Black oak,BlackOak,487,SRR29444885,SAMN41875015,SRS21660664,SRX24957011,1911.0,2024-06-18 02:52:05,PAIRED,on_SRA,used_in_analysis
QUVE200HEART1_16S_S488,QUVE200HEART1,16S,QUVE200,HEART1,Wood,QUVE,Quercus velutina,Black oak,BlackOak,488,SRR37071843,SAMN42321649,SRS27959008,SRX32018211,33734.0,2026-02-04 00:11:09,PAIRED,on_SRA,used_in_analysis
QUVE200HEART1_ITS_S489,QUVE200HEART1,ITS,QUVE200,HEART1,Wood,QUVE,Quercus velutina,Black oak,BlackOak,489,SRR29444874,SAMN41875017,SRS21660675,SRX24957022,21467.0,2024-06-18 02:52:06,PAIRED,on_SRA,used_in_analysis
QUVE200HEART2_16S_S490,QUVE200HEART2,16S,QUVE200,HEART2,Wood,QUVE,Quercus velutina,Black oak,BlackOak,490,SRR37071842,SAMN42321651,SRS27959009,SRX32018212,26018.0,2026-02-04 00:28:53,PAIRED,on_SRA,used_in_analysis
QUVE200HEART2_ITS_S491,QUVE200HEART2,ITS,QUVE200,HEART2,Wood,QUVE,Quercus velutina,Black oak,BlackOak,491,SRR29444750,SAMN41875019,SRS21660800,SRX24957146,10478.0,2024-06-19 01:01:55,PAIRED,on_SRA,used_in_analysis
QUVE200SAP_16S_S492,QUVE200SAP,16S,QUVE200,SAP,Wood,QUVE,Quercus velutina,Black oak,BlackOak,492,SRR37071841,SAMN42321653,SRS27959010,SRX32018213,11216.0,2026-02-04 00:29:25,PAIRED,on_SRA,used_in_analysis
QUVE200SAP_ITS_S493,QUVE200SAP,ITS,QUVE200,SAP,Wood,QUVE,Quercus velutina,Black oak,BlackOak,493,SRR29444739,SAMN41875021,SRS21660810,SRX24957157,3098.0,2024-06-18 02:52:09,PAIRED,on_SRA,used_in_analysis
QUVE400BARK1_16S_S494,QUVE400BARK1,16S,QUVE400,BARK1,Bark,QUVE,Quercus velutina,Black oak,BlackOak,494,SRR37071840,SAMN42321654,SRS27959011,SRX32018214,98.0,2026-02-04 00:47:19,PAIRED,on_SRA,used_in_analysis
QUVE400BARK1_ITS_S495,QUVE400BARK1,ITS,QUVE400,BARK1,Bark,QUVE,Quercus velutina,Black oak,BlackOak,495,SRR29444728,SAMN41875023,SRS21660822,SRX24957168,86.0,2024-06-18 01:10:03,PAIRED,on_SRA,used_in_analysis
QUVE400HEART1_16S_S496,QUVE400HEART1,16S,QUVE400,HEART1,Wood,QUVE,Quercus velutina,Black oak,BlackOak,496,SRR37071839,SAMN42321657,SRS27959012,SRX32018215,27905.0,2026-02-04 00:22:39,PAIRED,on_SRA,used_in_analysis
QUVE400HEART1_ITS_S497,QUVE400HEART1,ITS,QUVE400,HEART1,Wood,QUVE,Quercus velutina,Black oak,BlackOak,497,SRR29444608,SAMN41875025,SRS21660442,SRX24956788,25218.0,2024-06-18 01:10:02,PAIRED,on_SRA,used_in_analysis
QUVE400HEART2_16S_S498,QUVE400HEART2,16S,QUVE400,HEART2,Wood,QUVE,Quercus velutina,Black oak,BlackOak,498,SRR37071837,SAMN42321659,SRS27959014,SRX32018217,26630.0,2026-02-03 23:46:13,PAIRED,on_SRA,used_in_analysis
QUVE400HEART2_ITS_S499,QUVE400HEART2,ITS,QUVE400,HEART2,Wood,QUVE,Quercus velutina,Black oak,BlackOak,499,SRR29444598,SAMN41875027,SRS21660449,SRX24956798,28324.0,2024-06-18 01:10:02,PAIRED,on_SRA,used_in_analysis
QUVE400SAP_16S_S500,QUVE400SAP,16S,QUVE400,SAP,Wood,QUVE,Quercus velutina,Black oak,BlackOak,500,SRR37071836,SAMN42321661,SRS27959015,SRX32018218,10832.0,2026-02-04 00:11:09,PAIRED,on_SRA,used_in_analysis
QUVE400SAP_ITS_S501,QUVE400SAP,ITS,QUVE400,SAP,Wood,QUVE,Quercus velutina,Black oak,BlackOak,501,SRR29444863,SAMN41875029,SRS21660688,SRX24957033,14911.0,2024-06-18 02:52:06,PAIRED,on_SRA,used_in_analysis
QUVE50BARK1_16S_S502,QUVE50BARK1,16S,QUVE50,BARK1,Bark,QUVE,Quercus velutina,Black oak,BlackOak,502,SRR37071835,SAMN42321662,SRS27959016,SRX32018219,115.0,2026-02-04 00:28:53,PAIRED,on_SRA,used_in_analysis
QUVE50BARK1_ITS_S503,QUVE50BARK1,ITS,QUVE50,BARK1,Bark,QUVE,Quercus velutina,Black oak,BlackOak,503,SRR29444852,SAMN41875031,SRS21660698,SRX24957044,63.0,2024-06-19 01:01:51,PAIRED,on_SRA,used_in_analysis
QUVE50HEART1_16S_S504,QUVE50HEART1,16S,QUVE50,HEART1,Wood,QUVE,Quercus velutina,Black oak,BlackOak,504,SRR37071833,SAMN42321665,SRS27959018,SRX32018221,34100.0,2026-02-04 00:20:38,PAIRED,on_SRA,used_in_analysis
QUVE50HEART1_ITS_S505,QUVE50HEART1,ITS,QUVE50,HEART1,Wood,QUVE,Quercus velutina,Black oak,BlackOak,505,SRR29444841,SAMN41875033,SRS21660711,SRX24957055,30950.0,2024-06-19 01:01:52,PAIRED,on_SRA,used_in_analysis
QUVE50HEART2_16S_S506,QUVE50HEART2,16S,QUVE50,HEART2,Wood,QUVE,Quercus velutina,Black oak,BlackOak,506,SRR37071834,SAMN42321667,SRS27959017,SRX32018220,40358.0,2026-02-04 00:28:52,PAIRED,on_SRA,used_in_analysis
QUVE50HEART2_ITS_S507,QUVE50HEART2,ITS,QUVE50,HEART2,Wood,QUVE,Quercus velutina,Black oak,BlackOak,507,SRR29444718,SAMN41875035,SRS21660832,SRX24957178,39218.0,2024-06-18 01:32:27,PAIRED,on_SRA,used_in_analysis
QUVE50SAP_16S_S508,QUVE50SAP,16S,QUVE50,SAP,Wood,QUVE,Quercus velutina,Black oak,BlackOak,508,SRR37071832,SAMN42321669,SRS27959019,SRX32018222,11472.0,2026-02-04 00:28:51,PAIRED,on_SRA,used_in_analysis
QUVE50SAP_ITS_S509,QUVE50SAP,ITS,QUVE50,SAP,Wood,QUVE,Quercus velutina,Black oak,BlackOak,509,SRR29444707,SAMN41875037,SRS21660843,SRX24957189,60.0,2024-06-18 01:32:27,PAIRED,on_SRA,used_in_analysis
QUVE600BARK1_16S_S510,QUVE600BARK1,16S,QUVE600,BARK1,Bark,QUVE,Quercus velutina,Black oak,BlackOak,510,SRR37071831,SAMN42321671,SRS27959020,SRX32018223,25631.0,2026-02-06 07:39:49,PAIRED,on_SRA,used_in_analysis
QUVE600BARK1_ITS_S511,QUVE600BARK1,ITS,QUVE600,BARK1,Bark,QUVE,Quercus velutina,Black oak,BlackOak,511,SRR29444587,SAMN41875039,SRS21660463,SRX24956809,18105.0,2024-06-18 01:10:02,PAIRED,on_SRA,used_in_analysis
QUVE600HEART1_16S_S512,QUVE600HEART1,16S,QUVE600,HEART1,Wood,QUVE,Quercus velutina,Black oak,BlackOak,512,SRR37071830,SAMN42321673,SRS27959021,SRX32018224,15138.0,2026-02-06 07:37:44,PAIRED,on_SRA,used_in_analysis
QUVE600HEART1_ITS_S513,QUVE600HEART1,ITS,QUVE600,HEART1,Wood,QUVE,Quercus velutina,Black oak,BlackOak,513,SRR29444576,SAMN41875041,SRS21660472,SRX24956820,30265.0,2024-06-18 01:32:25,PAIRED,on_SRA,used_in_analysis
QUVE600HEART2_16S_S514,QUVE600HEART2,16S,QUVE600,HEART2,Wood,QUVE,Quercus velutina,Black oak,BlackOak,514,SRR37071829,SAMN42321675,SRS27959022,SRX32018225,30773.0,2026-02-04 00:10:54,PAIRED,on_SRA,used_in_analysis
QUVE600HEART2_ITS_S515,QUVE600HEART2,ITS,QUVE600,HEART2,Wood,QUVE,Quercus velutina,Black oak,BlackOak,515,SRR29444565,SAMN41875043,SRS21660485,SRX24956831,18197.0,2024-06-19 01:01:45,PAIRED,on_SRA,used_in_analysis
QUVE600SAP_16S_S516,QUVE600SAP,16S,QUVE600,SAP,Wood,QUVE,Quercus velutina,Black oak,BlackOak,516,SRR37071828,SAMN42321677,SRS27959023,SRX32018226,7371.0,2026-02-04 00:11:09,PAIRED,on_SRA,used_in_analysis
QUVE600SAP_ITS_S517,QUVE600SAP,ITS,QUVE600,SAP,Wood,QUVE,Quercus velutina,Black oak,BlackOak,517,SRR29444470,SAMN41875045,SRS21660581,SRX24956926,27489.0,2024-06-18 01:32:25,PAIRED,on_SRA,used_in_analysis
QUVE800BARK1_16S_S518,QUVE800BARK1,16S,QUVE800,BARK1,Bark,QUVE,Quercus velutina,Black oak,BlackOak,518,SRR37072022,SAMN42321679,SRS27959332,SRX32018535,44031.0,2026-02-04 00:39:47,PAIRED,on_SRA,used_in_analysis
QUVE800BARK1_ITS_S519,QUVE800BARK1,ITS,QUVE800,BARK1,Bark,QUVE,Quercus velutina,Black oak,BlackOak,519,SRR29444459,SAMN41875047,SRS21660591,SRX24956937,48002.0,2024-06-18 01:32:26,PAIRED,on_SRA,used_in_analysis
QUVE800HEART1_16S_S520,QUVE800HEART1,16S,QUVE800,HEART1,Wood,QUVE,Quercus velutina,Black oak,BlackOak,520,SRR37072021,SAMN42321681,SRS27959333,SRX32018536,10971.0,2026-02-04 00:47:19,PAIRED,on_SRA,used_in_analysis
QUVE800HEART1_ITS_S521,QUVE800HEART1,ITS,QUVE800,HEART1,Wood,QUVE,Quercus velutina,Black oak,BlackOak,521,SRR29444448,SAMN41875049,SRS21660603,SRX24956948,27956.0,2024-06-18 00:32:01,PAIRED,on_SRA,used_in_analysis
QUVE800HEART2_16S_S522,QUVE800HEART2,16S,QUVE800,HEART2,Wood,QUVE,Quercus velutina,Black oak,BlackOak,522,SRR37072020,SAMN42321683,SRS27959334,SRX32018537,18764.0,2026-02-04 00:11:09,PAIRED,on_SRA,used_in_analysis
QUVE800HEART2_ITS_S523,QUVE800HEART2,ITS,QUVE800,HEART2,Wood,QUVE,Quercus velutina,Black oak,BlackOak,523,SRR29444825,SAMN41875051,SRS21660725,SRX24957071,29754.0,2024-06-19 01:01:53,PAIRED,on_SRA,used_in_analysis
QUVE800SAP_16S_S524,QUVE800SAP,16S,QUVE800,SAP,Wood,QUVE,Quercus velutina,Black oak,BlackOak,524,SRR37072019,SAMN42321685,SRS27959336,SRX32018538,12569.0,2026-02-04 00:39:47,PAIRED,on_SRA,used_in_analysis
QUVE800SAP_ITS_S525,QUVE800SAP,ITS,QUVE800,SAP,Wood,QUVE,Quercus velutina,Black oak,BlackOak,525,SRR29444814,SAMN41875053,SRS21660736,SRX24957082,26572.0,2024-06-19 01:01:53,PAIRED,on_SRA,used_in_analysis
QUVEBRANCH1_16S_S526,QUVEBRANCH1,16S,QUVE_BRANCH,BRANCH1,Branch,QUVE,Quercus velutina,Black oak,BlackOak,526,SRR37072018,SAMN42321687,SRS27959335,SRX32018539,22683.0,2026-02-04 00:28:52,PAIRED,on_SRA,used_in_analysis
QUVEBRANCH1_ITS_S527,QUVEBRANCH1,ITS,QUVE_BRANCH,BRANCH1,Branch,QUVE,Quercus velutina,Black oak,BlackOak,527,SRR29444555,SAMN41875055,SRS21660499,SRX24956841,32218.0,2024-06-18 02:52:03,PAIRED,on_SRA,used_in_analysis
QUVEBRANCH2_16S_S528,QUVEBRANCH2,16S,QUVE_BRANCH,BRANCH2,Branch,QUVE,Quercus velutina,Black oak,BlackOak,528,SRR37072017,SAMN42321689,SRS27959337,SRX32018540,39812.0,2026-02-04 00:20:40,PAIRED,on_SRA,used_in_analysis
QUVEBRANCH2_ITS_S529,QUVEBRANCH2,ITS,QUVE_BRANCH,BRANCH2,Branch,QUVE,Quercus velutina,Black oak,BlackOak,529,SRR29444544,SAMN41875057,SRS21660505,SRX24956852,22064.0,2024-06-19 01:01:46,PAIRED,on_SRA,used_in_analysis
QUVEBRANCH3_16S_S530,QUVEBRANCH3,16S,QUVE_BRANCH,BRANCH3,Branch,QUVE,Quercus velutina,Black oak,BlackOak,530,SRR37072016,SAMN42321691,SRS27959338,SRX32018541,33959.0,2026-02-04 00:28:52,PAIRED,on_SRA,used_in_analysis
QUVEBRANCH3_ITS_S531,QUVEBRANCH3,ITS,QUVE_BRANCH,BRANCH3,Branch,QUVE,Quercus velutina,Black oak,BlackOak,531,SRR29444532,SAMN41875059,SRS21660518,SRX24956864,51301.0,2024-06-19 01:01:47,PAIRED,on_SRA,used_in_analysis
QUVEBRANCH4BARK_16S_S532,QUVEBRANCH4BARK,16S,QUVE_BRANCH,BRANCH4BARK,Branch,QUVE,Quercus velutina,Black oak,BlackOak,532,SRR37072015,SAMN42321693,SRS27959339,SRX32018542,32753.0,2026-02-04 00:29:25,PAIRED,on_SRA,used_in_analysis
QUVEBRANCH4BARK_ITS_S533,QUVEBRANCH4BARK,ITS,QUVE_BRANCH,BRANCH4BARK,Branch,QUVE,Quercus velutina,Black oak,BlackOak,533,SRR29444437,SAMN41875061,SRS21660612,SRX24956959,26648.0,2024-06-18 00:32:02,PAIRED,on_SRA,used_in_analysis
QUVEBRANCH4INT_16S_S534,QUVEBRANCH4INT,16S,QUVE_BRANCH,BRANCH4INT,Branch,QUVE,Quercus velutina,Black oak,BlackOak,534,SRR37072014,SAMN42321695,SRS27959340,SRX32018543,35568.0,2026-02-04 00:39:47,PAIRED,on_SRA,used_in_analysis
QUVEBRANCH4INT_ITS_S535,QUVEBRANCH4INT,ITS,QUVE_BRANCH,BRANCH4INT,Branch,QUVE,Quercus velutina,Black oak,BlackOak,535,SRR29444426,SAMN41875063,SRS21660624,SRX24956970,31996.0,2024-06-18 00:32:03,PAIRED,on_SRA,used_in_analysis
QUVECOARSE1_16S_S536,QUVECOARSE1,16S,QUVE_COARSE,COARSE1,Root,QUVE,Quercus velutina,Black oak,BlackOak,536,SRR37072013,SAMN42321697,SRS27959342,SRX32018544,9964.0,2026-02-04 00:20:40,PAIRED,on_SRA,used_in_analysis
QUVECOARSE1_ITS_S537,QUVECOARSE1,ITS,QUVE_COARSE,COARSE1,Root,QUVE,Quercus velutina,Black oak,BlackOak,537,SRR29444803,SAMN41875065,SRS21660747,SRX24957093,678.0,2024-06-18 02:52:08,PAIRED,on_SRA,used_in_analysis
QUVECOARSE2EPI_16S_S538,QUVECOARSE2EPI,16S,QUVE_COARSE,COARSE2EPI,Root,QUVE,Quercus velutina,Black oak,BlackOak,538,SRR37072011,SAMN42321699,SRS27959343,SRX32018546,18186.0,2026-02-04 00:10:55,PAIRED,on_SRA,used_in_analysis
QUVECOARSE2EPI_ITS_S539,QUVECOARSE2EPI,ITS,QUVE_COARSE,COARSE2EPI,Root,QUVE,Quercus velutina,Black oak,BlackOak,539,SRR29444792,SAMN41875067,SRS21660758,SRX24957104,5681.0,2024-06-19 01:01:54,PAIRED,on_SRA,used_in_analysis
QUVECOARSE2INT_16S_S540,QUVECOARSE2INT,16S,QUVE_COARSE,COARSE2INT,Root,QUVE,Quercus velutina,Black oak,BlackOak,540,SRR37072010,SAMN42321701,SRS27959345,SRX32018547,8670.0,2026-02-04 00:20:37,PAIRED,on_SRA,used_in_analysis
QUVECOARSE2INT_ITS_S541,QUVECOARSE2INT,ITS,QUVE_COARSE,COARSE2INT,Root,QUVE,Quercus velutina,Black oak,BlackOak,541,SRR29444781,SAMN41875069,SRS21660770,SRX24957115,233.0,2024-06-18 02:52:08,PAIRED,on_SRA,used_in_analysis
QUVECOARSE3_16S_S542,QUVECOARSE3,16S,QUVE_COARSE,COARSE3,Root,QUVE,Quercus velutina,Black oak,BlackOak,542,SRR37072009,SAMN42321703,SRS27959344,SRX32018548,9344.0,2026-02-04 00:28:52,PAIRED,on_SRA,used_in_analysis
QUVECOARSE3_ITS_S543,QUVECOARSE3,ITS,QUVE_COARSE,COARSE3,Root,QUVE,Quercus velutina,Black oak,BlackOak,543,SRR29444686,SAMN41875071,SRS21660864,SRX24957210,4020.0,2024-06-18 01:32:28,PAIRED,on_SRA,used_in_analysis
QUVECOARSE4_16S_S544,QUVECOARSE4,16S,QUVE_COARSE,COARSE4,Root,QUVE,Quercus velutina,Black oak,BlackOak,544,SRR37072008,SAMN42321705,SRS27959346,SRX32018549,10808.0,2026-02-04 00:39:44,PAIRED,on_SRA,used_in_analysis
QUVECOARSE4_ITS_S545,QUVECOARSE4,ITS,QUVE_COARSE,COARSE4,Root,QUVE,Quercus velutina,Black oak,BlackOak,545,SRR29444675,SAMN41875073,SRS21660876,SRX24957221,507.0,2024-06-18 01:32:28,PAIRED,on_SRA,used_in_analysis
QUVEFINE1_16S_S546,QUVEFINE1,16S,QUVE_FINE,FINE1,Root,QUVE,Quercus velutina,Black oak,BlackOak,546,SRR37072007,SAMN42321707,SRS27959347,SRX32018550,24579.0,2026-02-04 00:20:40,PAIRED,on_SRA,used_in_analysis
QUVEFINE1_ITS_S547,QUVEFINE1,ITS,QUVE_FINE,FINE1,Root,QUVE,Quercus velutina,Black oak,BlackOak,547,SRR29444528,SAMN41875075,SRS21660522,SRX24956868,47894.0,2024-06-19 01:01:47,PAIRED,on_SRA,used_in_analysis
QUVEFINE2_16S_S548,QUVEFINE2,16S,QUVE_FINE,FINE2,Root,QUVE,Quercus velutina,Black oak,BlackOak,548,SRR37072005,SAMN42321709,SRS27959349,SRX32018552,15647.0,2026-02-04 00:30:40,PAIRED,on_SRA,used_in_analysis
QUVEFINE2_ITS_S549,QUVEFINE2,ITS,QUVE_FINE,FINE2,Root,QUVE,Quercus velutina,Black oak,BlackOak,549,SRR29444517,SAMN41875077,SRS21660532,SRX24956879,4112.0,2024-06-19 01:01:47,PAIRED,on_SRA,used_in_analysis
QUVEFINE3_16S_S550,QUVEFINE3,16S,QUVE_FINE,FINE3,Root,QUVE,Quercus velutina,Black oak,BlackOak,550,SRR37072006,SAMN42321710,SRS27959348,SRX32018551,564.0,2026-02-04 00:20:40,PAIRED,on_SRA,used_in_analysis
QUVEFINE3_ITS_S551,QUVEFINE3,ITS,QUVE_FINE,FINE3,Root,QUVE,Quercus velutina,Black oak,BlackOak,551,SRR29444505,SAMN41875079,SRS21660544,SRX24956891,242.0,2024-06-19 01:01:48,PAIRED,on_SRA,used_in_analysis
QUVEFINE4_16S_S552,QUVEFINE4,16S,QUVE_FINE,FINE4,Root,QUVE,Quercus velutina,Black oak,BlackOak,552,SRR37072004,SAMN42321713,SRS27959350,SRX32018553,36975.0,2026-02-04 00:11:09,PAIRED,on_SRA,used_in_analysis
QUVEFINE4_ITS_S553,QUVEFINE4,ITS,QUVE_FINE,FINE4,Root,QUVE,Quercus velutina,Black oak,BlackOak,553,SRR29444770,SAMN41875081,SRS21660778,SRX24957126,63924.0,2024-06-19 01:01:54,PAIRED,on_SRA,used_in_analysis
QUVEFOLIAGE1_16S_S554,QUVEFOLIAGE1,16S,QUVE_FOLIAGE,FOLIAGE1,Foliage,QUVE,Quercus velutina,Black oak,BlackOak,554,SRR37072003,SAMN42321715,SRS27959351,SRX32018554,28689.0,2026-02-04 00:30:40,PAIRED,on_SRA,used_in_analysis
QUVEFOLIAGE1_ITS_S555,QUVEFOLIAGE1,ITS,QUVE_FOLIAGE,FOLIAGE1,Foliage,QUVE,Quercus velutina,Black oak,BlackOak,555,SRR29444759,SAMN41875083,SRS21660791,SRX24957137,49006.0,2024-06-18 02:52:09,PAIRED,on_SRA,used_in_analysis
QUVEFOLIAGE2_16S_S556,QUVEFOLIAGE2,16S,QUVE_FOLIAGE,FOLIAGE2,Foliage,QUVE,Quercus velutina,Black oak,BlackOak,556,SRR37072002,SAMN42321717,SRS27959352,SRX32018555,23242.0,2026-02-04 00:20:37,PAIRED,on_SRA,used_in_analysis
QUVEFOLIAGE2_ITS_S557,QUVEFOLIAGE2,ITS,QUVE_FOLIAGE,FOLIAGE2,Foliage,QUVE,Quercus velutina,Black oak,BlackOak,557,SRR29444664,SAMN41875085,SRS21660886,SRX24957232,52439.0,2024-06-18 01:32:29,PAIRED,on_SRA,used_in_analysis
QUVEFOLIAGE3_16S_S558,QUVEFOLIAGE3,16S,QUVE_FOLIAGE,FOLIAGE3,Foliage,QUVE,Quercus velutina,Black oak,BlackOak,558,SRR37072000,SAMN42321719,SRS27959354,SRX32018557,23440.0,2026-02-04 00:20:40,PAIRED,on_SRA,used_in_analysis
QUVEFOLIAGE3_ITS_S559,QUVEFOLIAGE3,ITS,QUVE_FOLIAGE,FOLIAGE3,Foliage,QUVE,Quercus velutina,Black oak,BlackOak,559,SRR29444653,SAMN41875087,SRS21660897,SRX24957243,53670.0,2024-06-18 01:32:29,PAIRED,on_SRA,used_in_analysis
QUVEFOLIAGE4_16S_S560,QUVEFOLIAGE4,16S,QUVE_FOLIAGE,FOLIAGE4,Foliage,QUVE,Quercus velutina,Black oak,BlackOak,560,SRR37071999,SAMN42321721,SRS27959356,SRX32018558,41530.0,2026-02-04 00:20:38,PAIRED,on_SRA,used_in_analysis
QUVEFOLIAGE4_ITS_S561,QUVEFOLIAGE4,ITS,QUVE_FOLIAGE,FOLIAGE4,Foliage,QUVE,Quercus velutina,Black oak,BlackOak,561,SRR29444642,SAMN41875089,SRS21660909,SRX24957254,29530.0,2024-06-18 01:32:30,PAIRED,on_SRA,used_in_analysis
QUVELITTER1_16S_S562,QUVELITTER1,16S,QUVE_LITTER,LITTER1,Litter,QUVE,Quercus velutina,Black oak,BlackOak,562,SRR37071998,SAMN42321723,SRS27959357,SRX32018559,39016.0,2026-02-04 00:28:52,PAIRED,on_SRA,used_in_analysis
QUVELITTER1_ITS_S563,QUVELITTER1,ITS,QUVE_LITTER,LITTER1,Litter,QUVE,Quercus velutina,Black oak,BlackOak,563,SRR29444495,SAMN41875091,SRS21660555,SRX24956901,36458.0,2024-06-19 01:01:48,PAIRED,on_SRA,used_in_analysis
QUVELITTER2_16S_S564,QUVELITTER2,16S,QUVE_LITTER,LITTER2,Litter,QUVE,Quercus velutina,Black oak,BlackOak,564,SRR37071995,SAMN42321725,SRS27959358,SRX32018561,479.0,2026-02-04 00:20:37,PAIRED,on_SRA,used_in_analysis
QUVELITTER2_ITS_S565,QUVELITTER2,ITS,QUVE_LITTER,LITTER2,Litter,QUVE,Quercus velutina,Black oak,BlackOak,565,SRR29444484,SAMN41875093,SRS21660566,SRX24956912,19989.0,2024-06-18 00:32:00,PAIRED,on_SRA,used_in_analysis
QUVELITTER3_16S_S566,QUVELITTER3,16S,QUVE_LITTER,LITTER3,Litter,QUVE,Quercus velutina,Black oak,BlackOak,566,SRR37071997,SAMN42321727,SRS27959355,SRX32018560,41396.0,2026-02-04 00:39:47,PAIRED,on_SRA,used_in_analysis
QUVELITTER3_ITS_S567,QUVELITTER3,ITS,QUVE_LITTER,LITTER3,Litter,QUVE,Quercus velutina,Black oak,BlackOak,567,SRR29444637,SAMN41875095,SRS21660912,SRX24957259,42992.0,2024-06-18 02:52:09,PAIRED,on_SRA,used_in_analysis
QUVELITTER4_16S_S568,QUVELITTER4,16S,QUVE_LITTER,LITTER4,Litter,QUVE,Quercus velutina,Black oak,BlackOak,568,SRR37071744,SAMN42321729,SRS27959107,SRX32018311,18723.0,2026-02-04 00:10:54,PAIRED,on_SRA,used_in_analysis
QUVELITTER4_ITS_S569,QUVELITTER4,ITS,QUVE_LITTER,LITTER4,Litter,QUVE,Quercus velutina,Black oak,BlackOak,569,SRR29444626,SAMN41875097,SRS21660418,SRX24956770,46322.0,2024-06-18 01:32:24,PAIRED,on_SRA,used_in_analysis
QUVEMINERAL1_16S_S570,QUVEMINERAL1,16S,QUVE_MINERAL,MINERAL1,Soil,QUVE,Quercus velutina,Black oak,BlackOak,570,SRR37071742,SAMN42321731,SRS27959110,SRX32018313,21728.0,2026-02-04 00:19:04,PAIRED,on_SRA,used_in_analysis
QUVEMINERAL1_ITS_S571,QUVEMINERAL1,ITS,QUVE_MINERAL,MINERAL1,Soil,QUVE,Quercus velutina,Black oak,BlackOak,571,SRR29444917,SAMN41875099,SRS21660633,SRX24956979,45170.0,2024-06-19 01:01:49,PAIRED,on_SRA,used_in_analysis
QUVEMINERAL2_16S_S572,QUVEMINERAL2,16S,QUVE_MINERAL,MINERAL2,Soil,QUVE,Quercus velutina,Black oak,BlackOak,572,SRR37071741,SAMN42321733,SRS27959111,SRX32018314,34810.0,2026-02-04 00:20:38,PAIRED,on_SRA,used_in_analysis
QUVEMINERAL2_ITS_S573,QUVEMINERAL2,ITS,QUVE_MINERAL,MINERAL2,Soil,QUVE,Quercus velutina,Black oak,BlackOak,573,SRR29444916,SAMN41875101,SRS21660634,SRX24956980,33808.0,2024-06-18 02:52:05,PAIRED,on_SRA,used_in_analysis
QUVEMINERAL3_16S_S574,QUVEMINERAL3,16S,QUVE_MINERAL,MINERAL3,Soil,QUVE,Quercus velutina,Black oak,BlackOak,574,SRR37071740,SAMN42321735,SRS27959112,SRX32018315,35443.0,2026-02-04 00:10:54,PAIRED,on_SRA,used_in_analysis
QUVEMINERAL3_ITS_S575,QUVEMINERAL3,ITS,QUVE_MINERAL,MINERAL3,Soil,QUVE,Quercus velutina,Black oak,BlackOak,575,SRR29444915,SAMN41875103,SRS21660635,SRX24956981,34303.0,2024-06-19 01:01:49,PAIRED,on_SRA,used_in_analysis
QUVEMINERAL4_16S_S576,QUVEMINERAL4,16S,QUVE_MINERAL,MINERAL4,Soil,QUVE,Quercus velutina,Black oak,BlackOak,576,SRR37071739,SAMN42321737,SRS27959113,SRX32018316,31343.0,2026-02-04 00:39:46,PAIRED,on_SRA,used_in_analysis
QUVEMINERAL4_ITS_S577,QUVEMINERAL4,ITS,QUVE_MINERAL,MINERAL4,Soil,QUVE,Quercus velutina,Black oak,BlackOak,577,SRR29444914,SAMN41875105,SRS21660636,SRX24956982,2304.0,2024-06-19 01:01:49,PAIRED,on_SRA,used_in_analysis
QUVEORGANIC1_16S_S578,QUVEORGANIC1,16S,QUVE_ORGANIC,ORGANIC1,Soil,QUVE,Quercus velutina,Black oak,BlackOak,578,SRR37071737,SAMN42321739,SRS27959115,SRX32018318,32303.0,2026-02-04 00:39:46,PAIRED,on_SRA,used_in_analysis
QUVEORGANIC1_ITS_S579,QUVEORGANIC1,ITS,QUVE_ORGANIC,ORGANIC1,Soil,QUVE,Quercus velutina,Black oak,BlackOak,579,SRR29444913,SAMN41875107,SRS21660637,SRX24956983,28167.0,2024-06-18 02:52:05,PAIRED,on_SRA,used_in_analysis
QUVEORGANIC2_16S_S580,QUVEORGANIC2,16S,QUVE_ORGANIC,ORGANIC2,Soil,QUVE,Quercus velutina,Black oak,BlackOak,580,SRR37071736,SAMN42321741,SRS27959116,SRX32018319,20725.0,2026-02-04 00:28:52,PAIRED,on_SRA,used_in_analysis
QUVEORGANIC2_ITS_S581,QUVEORGANIC2,ITS,QUVE_ORGANIC,ORGANIC2,Soil,QUVE,Quercus velutina,Black oak,BlackOak,581,SRR29444912,SAMN41875109,SRS21660638,SRX24956984,20720.0,2024-06-19 01:01:49,PAIRED,on_SRA,used_in_analysis
QUVEORGANIC3_16S_S582,QUVEORGANIC3,16S,QUVE_ORGANIC,ORGANIC3,Soil,QUVE,Quercus velutina,Black oak,BlackOak,582,SRR37071735,SAMN42321743,SRS27959117,SRX32018320,30530.0,2026-02-04 00:22:40,PAIRED,on_SRA,used_in_analysis
QUVEORGANIC3_ITS_S583,QUVEORGANIC3,ITS,QUVE_ORGANIC,ORGANIC3,Soil,QUVE,Quercus velutina,Black oak,BlackOak,583,SRR29444911,SAMN41875111,SRS21660639,SRX24956985,37156.0,2024-06-19 01:01:49,PAIRED,on_SRA,used_in_analysis
QUVEORGANIC4_16S_S584,QUVEORGANIC4,16S,QUVE_ORGANIC,ORGANIC4,Soil,QUVE,Quercus velutina,Black oak,BlackOak,584,SRR37071734,SAMN42321745,SRS27959118,SRX32018321,26854.0,2026-02-04 00:10:54,PAIRED,on_SRA,used_in_analysis
QUVEORGANIC4_ITS_S585,QUVEORGANIC4,ITS,QUVE_ORGANIC,ORGANIC4,Soil,QUVE,Quercus velutina,Black oak,BlackOak,585,SRR29444910,SAMN41875113,SRS21660640,SRX24956986,35016.0,2024-06-18 02:52:05,PAIRED,on_SRA,used_in_analysis
QUVEROT1_16S_S586,QUVEROT1,16S,QUVE_ROT,ROT1,Wood,QUVE,Quercus velutina,Black oak,BlackOak,586,SRR37071733,SAMN42321747,SRS27959119,SRX32018322,35878.0,2026-02-04 00:20:40,PAIRED,on_SRA,used_in_analysis
QUVEROT1_ITS_S587,QUVEROT1,ITS,QUVE_ROT,ROT1,Wood,QUVE,Quercus velutina,Black oak,BlackOak,587,SRR29444909,SAMN41875115,SRS21660642,SRX24956987,138.0,2024-06-19 01:01:49,PAIRED,on_SRA,used_in_analysis
QUVEROT2_16S_S588,QUVEROT2,16S,QUVE_ROT,ROT2,Wood,QUVE,Quercus velutina,Black oak,BlackOak,588,SRR37071732,SAMN42321749,SRS27959120,SRX32018323,38194.0,2026-02-04 00:10:54,PAIRED,on_SRA,used_in_analysis
QUVEROT2_ITS_S589,QUVEROT2,ITS,QUVE_ROT,ROT2,Wood,QUVE,Quercus velutina,Black oak,BlackOak,589,SRR29444908,SAMN41875117,SRS21660641,SRX24956988,61466.0,2024-06-19 01:01:49,PAIRED,on_SRA,used_in_analysis
